University_Name,Country,Year,THE_Rank,Teaching_Score,Research_Score,Citation_Score,International_Outlook,Industry_Income,Total_Score,Std_Country,Std_University_Name,Base_Match_Score
University of Tehran,Iran,2016,601.0,26.1,16.9,15.8,16.5,,,Iran,University of Tehran,100.0
California Institute of Technology,United States,2016,1.0,95.6,97.6,99.8,64.0,97.8,95.2,United States,California Institute of Technology (Caltech),100.0
University of Oxford,United Kingdom,2016,2.0,86.5,98.9,98.8,94.4,73.1,94.2,United Kingdom,University of Oxford,100.0
Stanford University,United States,2016,3.0,92.5,96.2,99.9,76.3,63.3,93.9,United States,Stanford University,100.0
National Chengchi University,Taiwan,2016,601.0,18.4,12.5,14.0,33.1,31.3,,Taiwan,National Chengchi University,100.0
National Chung Cheng University,Taiwan,2016,601.0,21.3,20.3,15.7,14.2,40.8,,Taiwan,National Chung Cheng University,100.0
National Chung Hsing University,Taiwan,2016,601.0,20.2,16.8,24.5,16.9,42.5,,Taiwan,National Chung Hsing University,100.0
National Taipei University of Technology,Taiwan,2016,601.0,17.8,14.6,16.4,16.0,81.3,,Taiwan,National Taipei University of Technology,100.0
National Taiwan Ocean University,Taiwan,2016,601.0,18.1,21.0,18.2,20.3,49.3,,Taiwan,National Taiwan Ocean University,100.0
University of Latvia,Latvia,2016,601.0,22.6,10.2,20.9,31.5,28.3,,Latvia,University of Latvia,100.0
Lille 1 University – Science and Technology,France,2016,601.0,20.0,8.6,32.4,60.3,31.8,,France,Lille 1 University – Science and Technology,0.0
University of Lincoln,United Kingdom,2016,601.0,17.9,11.9,26.4,60.5,29.3,,United Kingdom,University of Lincoln,100.0
Niigata University,Japan,2016,601.0,21.9,10.1,17.5,19.3,33.0,,Japan,Niigata University,100.0
Northumbria University,United Kingdom,2016,601.0,17.7,10.9,29.2,55.1,29.1,,United Kingdom,Northumbria University,0.0
Northwestern Polytechnical University,China,2016,601.0,23.4,15.4,3.5,15.2,28.0,,China,Northwestern Polytechnical University,100.0
Nottingham Trent University,United Kingdom,2016,601.0,16.5,8.9,27.3,52.7,28.4,,United Kingdom,Nottingham Trent University,100.0
Oakland University,United States,2016,601.0,18.1,11.9,21.9,23.3,30.3,,United States,Oakland University,0.0
University of Murcia,Spain,2016,601.0,19.3,11.7,28.0,28.3,29.5,,Spain,University of Murcia,100.0
Nagasaki University,Japan,2016,601.0,22.8,10.8,14.3,21.9,,,Japan,Nagasaki University,100.0
University of Nairobi,Kenya,2016,601.0,13.7,9.0,19.5,45.5,28.0,,Kenya,University of Nairobi,100.0
Osaka Prefecture University,Japan,2016,601.0,21.6,10.2,17.5,17.6,41.5,,Japan,Osaka Prefecture University,0.0
University of Pardubice,Czech Republic,2016,601.0,15.9,11.9,11.1,23.4,28.3,,Czech Republic,University of Pardubice,100.0
University of Paris North – Paris 13,France,2016,601.0,17.5,11.6,36.2,46.4,28.0,,France,University of Paris North – Paris 13,0.0
Paris-Sorbonne University – Paris 4,France,2016,601.0,31.1,21.3,7.1,44.2,28.5,,France,Paris-Sorbonne University – Paris 4,0.0
University of Patras,Greece,2016,601.0,18.5,12.1,28.8,30.6,48.3,,Greece,University of Patras,100.0
National University of Córdoba,Argentina,2016,601.0,16.0,9.0,12.5,28.1,28.6,,Argentina,National University of Córdoba,0.0
National University of Science and Technology (MISiS),Russia,2016,601.0,24.8,17.5,10.8,33.7,67.2,,Russia,National University of Science and Technology MISiS,93.75
National University of Sciences and Technology,Pakistan,2016,601.0,21.4,7.0,35.0,31.3,31.3,,Pakistan,National University of Sciences And Technology (NUST) Islamabad,90.19607843137256
Pontifical Catholic University of Rio Grande do Sul (PUCRS),Brazil,2016,601.0,21.1,10.9,27.6,18.7,52.3,,Brazil,Pontifical Catholic University of Rio Grande do Sul (PUCRS),0.0
Pontifical Catholic University of Valparaíso,Chile,2016,601.0,18.4,8.0,10.4,35.7,44.3,,Chile,Pontifical Catholic University of Valparaíso,0.0
Prince of Songkla University,Thailand,2016,601.0,15.3,7.0,22.2,31.0,31.6,,Thailand,Prince of Songkla University,100.0
Qatar University,Qatar,2016,601.0,9.9,10.3,22.3,99.9,55.2,,Qatar,Qatar University,100.0
Rio de Janeiro State University (UERJ),Brazil,2016,601.0,21.7,9.1,12.3,16.8,30.8,,Brazil,Rio de Janeiro State University (UERJ),0.0
Ocean University of China,China,2016,601.0,18.9,10.7,12.9,15.6,50.1,,China,Ocean University of China,100.0
Ohio University,United States,2016,601.0,25.0,14.9,24.6,33.6,30.1,,United States,Ohio University,100.0
Okayama University,Japan,2016,601.0,24.3,14.9,25.3,20.6,48.0,,Japan,Okayama University,100.0
University of Ibadan,Nigeria,2016,601.0,22.7,11.1,4.6,26.1,29.2,,Nigeria,University of Ibadan,100.0
University of Indonesia,Indonesia,2016,601.0,18.1,8.0,13.9,37.2,40.0,,Indonesia,University of Indonesia,0.0
Inha University,South Korea,2016,601.0,20.7,20.0,22.5,23.5,64.7,,South Korea,Inha University,100.0
I-Shou University,Taiwan,2016,601.0,12.8,11.5,13.3,24.8,41.0,,Taiwan,I-Shou University,0.0
Istanbul University,Turkey,2016,601.0,26.0,23.3,10.0,20.0,100.0,,Turkey,Istanbul University,100.0
Feng Chia University,Taiwan,2016,601.0,14.6,13.7,34.4,21.1,33.9,,Taiwan,Feng Chia University,100.0
Florida Institute of Technology,United States,2016,601.0,20.4,13.5,24.6,62.4,33.4,,United States,Georgia Institute of Technology,90.32258064516128
Fu Jen Catholic University,Taiwan,2016,601.0,14.4,9.8,18.2,19.1,47.0,,Taiwan,Fu Jen Catholic University,100.0
Jordan University of Science and Technology,Jordan,2016,601.0,16.4,6.2,16.4,62.2,31.4,,Jordan,Jordan University of Science & Technology,95.1219512195122
Juntendo University,Japan,2016,601.0,32.3,10.5,24.0,16.7,51.1,,Japan,Juntendo University,0.0
K.N. Toosi University of Technology,Iran,2016,601.0,20.9,18.1,22.5,7.1,45.5,,Iran,K.N. Toosi University of Technology,0.0
Kaohsiung Medical University,Taiwan,2016,601.0,20.6,22.2,20.5,19.9,33.2,,Taiwan,Kaohsiung Medical University,0.0
Khon Kaen University,Thailand,2016,601.0,18.2,7.4,19.9,31.5,35.7,,Thailand,Khon Kaen University,100.0
Hacettepe University,Turkey,2016,601.0,21.0,11.8,19.7,19.6,28.2,,Turkey,Hacettepe University,100.0
University of Huddersfield,United Kingdom,2016,601.0,17.4,5.4,16.5,55.2,28.0,,United Kingdom,University of Huddersfield,100.0
Hunan University,China,2016,601.0,18.3,15.0,21.2,14.8,46.7,,China,Hunan University,100.0
Kobe University,Japan,2016,601.0,27.8,15.4,24.3,21.1,45.1,,Japan,Kobe University,100.0
Konkuk University,South Korea,2016,601.0,20.0,19.6,17.0,22.6,36.0,,South Korea,Konkuk University,100.0
Kumamoto University,Japan,2016,601.0,23.4,11.6,28.1,22.2,43.1,,Japan,Kumamoto University,100.0
Kyungpook National University,South Korea,2016,601.0,21.1,16.0,18.1,21.7,34.9,,South Korea,Kyungpook National University,100.0
Kyushu Institute of Technology,Japan,2016,601.0,19.4,12.5,14.2,20.7,44.1,,Japan,Kyushu Institute of Technology,100.0
Jagiellonian University,Poland,2016,601.0,24.0,14.4,30.7,33.5,28.0,,Poland,Jagiellonian University,100.0
Jilin University,China,2016,601.0,28.2,14.4,14.6,20.3,42.1,,China,Jilin University,100.0
University of Jordan,Jordan,2016,601.0,19.0,7.7,7.8,53.7,28.8,,Jordan,University of Jordan,100.0
University of Ljubljana,Slovenia,2016,601.0,24.9,13.6,24.0,34.5,32.3,,Slovenia,University of Ljubljana,100.0
University of Marrakech Cadi Ayyad,Morocco,2016,601.0,17.4,6.3,12.1,42.7,29.2,,Morocco,University of Marrakech Cadi Ayyad,0.0
Miami University,United States,2016,601.0,19.2,15.7,36.1,24.8,30.2,,United States,Miami University,100.0
Middlesex University,United Kingdom,2016,601.0,18.5,10.6,25.7,81.0,,,United Kingdom,Middlesex University,100.0
Moscow Institute of Physics and Technology,Russia,2016,601.0,34.3,16.3,15.5,44.4,28.0,,Russia,Moscow Institute of Physics and Technology,0.0
King Mongkut’s University of Technology Thonburi,Thailand,2016,601.0,18.2,11.4,36.2,28.5,70.3,,Thailand,King Mongkut's University of Technology Thonburi,100.0
Kingston University,United Kingdom,2016,601.0,16.9,12.1,26.7,76.8,28.5,,United Kingdom,Kingston University,0.0
Kinki University,Japan,2016,601.0,18.5,7.9,30.0,17.0,33.2,,Japan,Kindai University (previously Kinki University),90.9090909090909
Chungnam National University,South Korea,2016,601.0,23.2,17.7,13.2,19.8,39.9,,South Korea,Chungnam National University,100.0
Clemson University,United States,2016,601.0,21.4,19.7,27.0,34.6,35.8,,United States,Clemson University,100.0
Comenius University in Bratislava,Slovakia,2016,601.0,23.0,10.3,19.6,46.9,28.0,,Slovakia,Comenius University Bratislava,95.23809523809523
Coventry University,United Kingdom,2016,601.0,17.1,7.7,18.4,69.6,29.1,,United Kingdom,Coventry University,100.0
Dalian University of Technology,China,2016,601.0,22.6,19.0,23.5,20.7,93.3,,China,Dalian University of Technology,100.0
Carlos III University of Madrid,Spain,2016,601.0,23.2,17.4,24.8,44.7,34.8,,Spain,Carlos III University of Madrid,0.0
"University of Chemistry and Technology, Prague",Czech Republic,2016,601.0,21.6,12.0,17.4,46.3,38.9,,Czech Republic,"University of Chemistry and Technology, Prague",100.0
Chiang Mai University,Thailand,2016,601.0,17.8,9.4,30.0,34.9,32.3,,Thailand,Chiang Mai University,100.0
Dublin Institute of Technology,Republic of Ireland,2016,601.0,16.1,8.8,20.7,70.5,28.1,,Republic of Ireland,Dublin Institute of Technology,0.0
Ehime University,Japan,2016,601.0,19.2,11.3,17.5,20.9,37.8,,Japan,Ehime University,0.0
University of Electronic Science and Technology of China,China,2016,601.0,20.5,12.9,8.8,13.4,28.0,,China,University of Electronic Science and Technology of China,100.0
Eötvös Loránd University,Hungary,2016,601.0,21.3,12.1,30.6,43.0,29.3,,Hungary,Eötvös Loránd University,0.0
Erciyes University,Turkey,2016,601.0,15.5,10.9,18.0,17.2,30.3,,Turkey,Erciyes University,0.0
Chonnam National University,South Korea,2016,601.0,17.5,11.7,29.1,20.4,31.4,,South Korea,Chonnam National University,100.0
Chulalongkorn University,Thailand,2016,601.0,23.8,14.1,16.7,32.8,37.8,,Thailand,Chulalongkorn University,100.0
Chung Yuan Christian University,Taiwan,2016,601.0,15.9,22.1,17.4,18.7,41.9,,Taiwan,Chung Yuan Christian University,100.0
Federal University of Rio Grande do Sul,Brazil,2016,601.0,32.6,13.7,16.8,18.9,,,Brazil,Federal University of Rio Grande do Sul,0.0
Federal University of Santa Catarina,Brazil,2016,601.0,26.0,12.2,14.2,21.0,42.9,,Brazil,Federal University of Santa Catarina,0.0
Federal University of São Carlos,Brazil,2016,601.0,29.0,10.8,11.5,16.8,,,Brazil,Federal University of São Carlos,0.0
Federal University of Viçosa,Brazil,2016,601.0,39.7,14.5,3.9,15.0,59.0,,Brazil,Federal University of Viçosa,0.0
Federal University of Lavras,Brazil,2016,601.0,25.8,16.4,3.0,14.5,,,Brazil,Federal University of Lavras,0.0
University of Debrecen,Hungary,2016,601.0,17.3,11.4,20.9,49.0,,,Hungary,University of Debrecen,100.0
University of Delhi,India,2016,601.0,29.8,10.8,19.1,15.4,28.2,,India,University of Delhi,100.0
University of Dhaka,Bangladesh,2016,601.0,21.7,7.2,9.6,37.2,,,Bangladesh,University of Dhaka,100.0
Gdańsk University of Technology,Poland,2016,601.0,15.5,9.5,15.2,16.1,36.8,,Poland,Gdansk University of Technology,90.32258064516128
University of Ghana,Ghana,2016,601.0,15.6,15.6,19.5,48.4,,,Ghana,University of Ghana,100.0
Gifu University,Japan,2016,601.0,25.4,16.9,14.7,18.5,32.8,,Japan,Gifu University,100.0
Glasgow Caledonian University,United Kingdom,2016,601.0,17.1,10.4,24.2,55.0,29.9,,United Kingdom,Glasgow Caledonian University,100.0
University of Greenwich,United Kingdom,2016,601.0,15.7,9.5,17.7,81.8,30.0,,United Kingdom,University of Greenwich,100.0
Federal University of Bahia,Brazil,2016,601.0,18.2,8.1,14.3,19.7,,,Brazil,Federal University of Bahia,0.0
Federal University of Minas Gerais,Brazil,2016,601.0,27.9,15.4,23.1,21.6,30.7,,Brazil,Federal University of Minas Gerais,0.0
Federal University of Paraná (UFPR),Brazil,2016,601.0,24.6,9.6,7.0,15.5,,,Brazil,Federal University of Paraná (UFPR),0.0
"Asia University, Taiwan",Taiwan,2016,601.0,14.4,15.9,30.5,18.3,38.4,,Taiwan,Asia University Taiwan,100.0
Athens University of Economics and Business,Greece,2016,601.0,13.4,18.8,31.2,39.2,66.5,,Greece,Athens University of Economics And Business,100.0
Auckland University of Technology,New Zealand,2016,601.0,17.3,9.8,21.7,95.6,28.5,,New Zealand,Auckland University of Technology,100.0
Austral University of Chile,Chile,2016,601.0,16.7,9.7,14.2,45.2,41.1,,Chile,Austral University of Chile,0.0
Beijing Institute of Technology,China,2016,601.0,25.9,21.7,9.1,16.9,87.6,,China,Beijing Institute of Technology,100.0
Ajou University,South Korea,2016,601.0,19.5,11.9,23.9,20.0,45.7,,South Korea,Ajou University,100.0
University of Alcalá,Spain,2016,601.0,17.6,11.2,28.3,50.0,43.3,,Spain,University of Alcalá,0.0
Alexandria University,Egypt,2016,601.0,20.3,8.2,14.1,33.7,29.7,,Egypt,Alexandria University,100.0
University of Bradford,United Kingdom,2016,601.0,18.7,15.9,22.7,79.1,32.7,,United Kingdom,University of Bradford,100.0
University of Brasília,Brazil,2016,601.0,21.9,7.4,10.4,24.1,,,Brazil,University of Brasília,0.0
University of Brighton,United Kingdom,2016,601.0,16.7,10.7,20.1,62.8,29.4,,United Kingdom,University of Brighton,100.0
University of Bucharest,Romania,2016,601.0,34.3,11.5,9.9,21.3,29.5,,Romania,University of Bucharest,100.0
Budapest University of Technology and Economics,Hungary,2016,601.0,17.1,13.7,21.6,30.4,39.7,,Hungary,Budapest University of Technology and Economics,100.0
Andhra University,India,2016,601.0,34.8,6.9,1.2,7.2,31.3,,India,Andhra University,0.0
University of Antioquia,Colombia,2016,601.0,18.1,21.1,14.8,42.0,43.6,,Colombia,University of Antioquia,0.0
Aristotle University of Thessaloniki,Greece,2016,601.0,22.6,15.0,29.5,36.6,33.6,,Greece,Aristotle University of Thessaloniki,100.0
Capital Medical University,China,2016,601.0,26.3,14.9,16.3,18.8,28.8,,China,Capital Medical University,0.0
University of Castilla-La Mancha,Spain,2016,601.0,18.4,10.3,30.5,28.6,29.7,,Spain,University of Castilla-La Mancha,0.0
University of Central Lancashire,United Kingdom,2016,601.0,15.7,9.4,28.2,54.1,28.9,,United Kingdom,University of Central Lancashire,100.0
University of Cergy-Pontoise,France,2016,601.0,18.7,6.3,13.2,49.1,28.6,,France,University of Cergy-Pontoise,0.0
Chang Gung University,Taiwan,2016,601.0,19.3,24.7,27.6,15.7,31.9,,Taiwan,Chang Gung University,100.0
Belarusian State University,Belarus,2016,601.0,20.2,8.7,6.0,48.2,28.0,,Belarus,Belarusian State University,100.0
University of Belgrade,Serbia,2016,601.0,20.4,13.2,14.0,30.5,45.6,,Serbia,University of Belgrade,100.0
"Birla Institute of Technology and Science, Pilani",India,2016,601.0,18.3,8.3,17.4,13.7,29.6,,India,Birla Institute of Technology and Science,92.13483146067416
Chiba University,Japan,2016,601.0,26.9,16.8,24.8,21.0,55.3,,Japan,Chiba University,100.0
China University of Geosciences (Wuhan),China,2016,601.0,21.1,21.4,21.5,16.1,64.5,,China,China University of Geosciences,100.0
China University of Petroleum (Beijing),China,2016,601.0,23.6,26.6,4.0,15.9,100.0,,China,China University of Petroleum,100.0
Chonbuk National University,South Korea,2016,601.0,19.7,14.7,24.5,27.2,33.3,,South Korea,Chungbuk National University,94.54545454545455
Chongqing University,China,2016,601.0,19.5,15.5,8.7,15.5,73.8,,China,Chongqing University,100.0
Cairo University,Egypt,2016,601.0,18.9,11.1,11.9,31.0,30.3,,Egypt,Cairo University,100.0
University of Calcutta,India,2016,601.0,34.7,8.7,19.8,13.1,29.2,,India,University of Calcutta,100.0
"California State University, Long Beach",United States,2016,601.0,11.6,10.4,23.3,18.9,,,United States,"California State University, Long Beach",0.0
Semmelweis University,Hungary,2016,501.0,19.6,10.6,41.5,81.7,30.7,,Hungary,Semmelweis University,0.0
University of Seville,Spain,2016,501.0,21.5,14.9,32.6,32.0,36.7,,Spain,University of Seville,0.0
Université de Sherbrooke,Canada,2016,501.0,25.6,9.5,41.3,39.8,29.6,,Canada,Université de Sherbrooke,100.0
Soochow University,China,2016,501.0,19.2,13.7,45.8,16.0,75.3,,China,Soochow University,100.0
South China University of Technology,China,2016,501.0,19.5,22.1,28.1,17.5,86.8,,China,South China University of Technology,100.0
Paris Dauphine University,France,2016,501.0,21.9,11.1,27.6,69.3,30.6,,France,Paris Dauphine University,0.0
Pontifical Catholic University of Rio de Janeiro (PUC-Rio),Brazil,2016,501.0,24.5,24.1,23.1,31.3,100.0,,Brazil,Pontifical Catholic University of Rio de Janeiro (PUC-Rio),0.0
Portland State University,United States,2016,501.0,16.8,14.4,43.3,31.6,44.6,,United States,Portland State University,100.0
Tianjin University,China,2016,501.0,36.5,34.4,12.2,14.7,100.0,,China,Tianjin University,100.0
Tokyo University of Agriculture and Technology,Japan,2016,501.0,34.9,24.1,16.9,19.4,39.9,,Japan,Tokyo University of Agriculture and Technology,100.0
University of Toledo,United States,2016,501.0,31.6,13.4,29.9,37.7,32.9,,United States,University of Toledo,100.0
Tongji University,China,2016,501.0,28.9,29.2,13.1,37.2,63.5,,China,Tongji University,100.0
University of Tulsa,United States,2016,501.0,29.7,12.9,24.6,43.8,71.7,,United States,University of Tulsa,100.0
University of Rennes 1,France,2016,501.0,17.8,10.3,44.7,53.0,31.7,,France,Université de Rennes 1,88.37209302325581
University of Salamanca,Spain,2016,501.0,26.1,16.9,25.9,40.8,31.6,,Spain,University of Salamanca,100.0
University of Santiago de Compostela,Spain,2016,501.0,22.9,14.1,46.9,37.1,32.3,,Spain,University of Santiago de Compostela,0.0
Xi’an Jiaotong University,China,2016,501.0,28.7,22.5,25.5,25.8,70.4,,China,Xi'an Jiaotong University,100.0
University of Zaragoza,Spain,2016,501.0,20.1,12.7,49.5,33.5,36.7,,Spain,University of Zaragoza,0.0
University of A Coruña,Spain,2016,601.0,18.3,10.0,16.6,23.4,38.2,,Spain,University of A Coruña,0.0
Adam Mickiewicz University,Poland,2016,601.0,20.0,11.0,15.3,25.7,28.7,,Poland,Adam Mickiewicz University,100.0
AGH University of Science and Technology,Poland,2016,601.0,14.2,3.7,35.7,17.9,,,Poland,AGH University of Science and Technology,0.0
Tallinn University of Technology,Estonia,2016,501.0,16.3,15.0,38.7,37.9,44.8,,Estonia,Tallinn University of Technology,100.0
Tehran University of Medical Sciences,Iran,2016,501.0,51.8,20.0,9.3,14.1,30.0,,Iran,Tehran University of Medical Sciences,0.0
University of Texas at Arlington,United States,2016,501.0,20.1,10.1,50.9,50.3,33.4,,United States,University of Texas Arlington,95.08196721311475
Alexandru Ioan Cuza University,Romania,2016,601.0,24.9,13.6,7.0,46.9,28.2,,Romania,Alexandru Ioan Cuza University,100.0
Aligarh Muslim University,India,2016,601.0,28.3,10.0,20.9,18.7,29.6,,India,Aligarh Muslim University,0.0
American University of Sharjah,United Arab Emirates,2016,601.0,12.4,10.6,13.3,95.6,33.3,,United Arab Emirates,American University of Sharjah (AUS),100.0
Amrita University,India,2016,601.0,20.4,5.8,20.7,29.6,28.0,,India,Amity University,90.9090909090909
Anadolu University,Turkey,2016,601.0,12.2,22.6,10.9,14.3,100.0,,Turkey,Anadolu University,100.0
United Arab Emirates University,United Arab Emirates,2016,501.0,18.8,14.8,21.7,95.0,30.1,,United Arab Emirates,United Arab Emirates University,100.0
University of Warsaw,Poland,2016,501.0,26.1,15.8,42.2,41.6,28.5,,Poland,University of Warsaw,100.0
University of Wisconsin-Milwaukee,United States,2016,501.0,17.3,13.8,45.5,26.0,29.0,,United States,University of Wisconsin Milwaukee,100.0
Masaryk University,Czech Republic,2016,501.0,21.2,22.9,27.8,48.9,28.5,,Czech Republic,Masaryk University,100.0
Massey University,New Zealand,2016,501.0,23.1,17.1,31.9,80.5,35.8,,New Zealand,Massey University,100.0
Memorial University of Newfoundland,Canada,2016,501.0,18.1,15.8,35.6,53.3,48.3,,Canada,Memorial University of Newfoundland,100.0
Middle East Technical University,Turkey,2016,501.0,29.9,17.3,28.8,26.7,60.0,,Turkey,Middle East Technical University,100.0
University of Minho,Portugal,2016,501.0,23.9,20.1,35.3,43.6,51.6,,Portugal,University of Minho,100.0
Kent State University,United States,2016,501.0,18.4,14.2,53.8,32.4,28.5,,United States,Kent State University,100.0
King Fahd University of Petroleum and Minerals,Saudi Arabia,2016,501.0,25.4,16.1,24.4,84.5,81.2,,Saudi Arabia,King Fahd University of Petroleum & Minerals,95.45454545454545
King Saud University,Saudi Arabia,2016,501.0,20.0,17.5,22.3,75.5,57.4,,Saudi Arabia,King Saud University,100.0
National Central University,Taiwan,2016,501.0,26.3,23.2,17.5,27.1,75.3,,Taiwan,National Central University,100.0
National Sun Yat-Sen University,Taiwan,2016,501.0,26.1,33.0,25.8,19.7,44.3,,Taiwan,National Sun Yat-sen University,100.0
National Taiwan Normal University,Taiwan,2016,501.0,26.2,31.3,16.2,38.1,81.9,,Taiwan,National Taiwan Normal University,100.0
National Technical University of Athens,Greece,2016,501.0,20.2,15.0,36.2,31.3,40.3,,Greece,National Technical University of Athens,100.0
New Jersey Institute of Technology,United States,2016,501.0,18.9,16.6,32.2,48.5,32.2,,United States,New Jersey Institute of Technology (NJIT),100.0
Mahidol University,Thailand,2016,501.0,26.8,15.1,28.3,44.1,71.6,,Thailand,Mahidol University,100.0
Manchester Metropolitan University,United Kingdom,2016,501.0,22.7,10.6,30.8,57.8,28.3,,United Kingdom,Manchester Metropolitan University,100.0
University of Maribor,Slovenia,2016,501.0,17.1,11.5,42.1,33.6,38.7,,Slovenia,University of Maribor,100.0
Osaka City University,Japan,2016,501.0,26.3,13.4,34.4,21.3,40.7,,Japan,Osaka City University,0.0
Otto von Guericke University of Magdeburg,Germany,2016,501.0,22.9,14.4,39.7,43.9,37.7,,Germany,Otto von Guericke University of Magdeburg,0.0
University of Oviedo,Spain,2016,501.0,19.5,10.8,41.9,36.2,34.1,,Spain,University of Oviedo,0.0
Palacký University in Olomouc,Czech Republic,2016,501.0,19.2,11.8,42.9,48.8,28.7,,Czech Republic,Palacký University in Olomouc,100.0
Panjab University,India,2016,501.0,24.6,8.8,41.0,14.1,28.1,,India,Panjab University,100.0
Missouri University of Science and Technology,United States,2016,501.0,23.5,18.4,28.7,40.6,52.8,,United States,Missouri University of Science and Technology,100.0
Montana State University,United States,2016,501.0,17.7,21.8,48.0,23.5,43.0,,United States,Montana State University,0.0
Monterrey Institute of Technology and Higher Education,Mexico,2016,501.0,23.9,12.7,23.4,59.6,75.8,,Mexico,Monterrey Institute of Technology and Higher Education,0.0
University of Pretoria,South Africa,2016,501.0,25.6,21.2,17.5,46.0,52.4,,South Africa,University of Pretoria,100.0
Pusan National University,South Korea,2016,501.0,27.5,24.7,20.4,32.9,66.8,,South Korea,Pusan National University,100.0
Quaid-i-azam University,Pakistan,2016,501.0,17.9,9.9,45.6,35.4,,,Pakistan,Quaid-i-azam University,100.0
University of Regina,Canada,2016,501.0,15.6,15.8,34.2,47.7,34.4,,Canada,University of Regina,100.0
Renmin University of China,China,2016,501.0,34.7,13.7,30.7,40.1,42.5,,China,Renmin (People’s) University of China,100.0
New Mexico State University,United States,2016,501.0,19.5,19.2,47.2,30.5,34.6,,United States,New Mexico State University,100.0
University of North Carolina at Greensboro,United States,2016,501.0,18.2,15.3,43.1,17.4,28.9,,United States,University of North Carolina at Greensboro,100.0
Oklahoma State University,United States,2016,501.0,27.5,22.7,33.1,25.6,33.7,,United States,Oklahoma State University,100.0
Chung-Ang University,South Korea,2016,501.0,29.9,27.6,17.4,43.7,61.3,,South Korea,Chung-Ang University,100.0
Czech Technical University in Prague,Czech Republic,2016,501.0,20.6,9.3,46.5,25.0,28.2,,Czech Republic,Czech Technical University In Prague,100.0
De Montfort University,United Kingdom,2016,501.0,16.8,10.1,40.1,58.4,28.5,,United Kingdom,De Montfort University,100.0
East China Normal University,China,2016,501.0,24.6,14.7,43.3,30.6,42.0,,China,East China Normal University,100.0
Edith Cowan University,Australia,2016,501.0,18.9,16.1,35.0,68.7,34.5,,Australia,Edith Cowan University,100.0
Bauman Moscow State Technical University,Russia,2016,501.0,44.0,23.7,3.1,15.6,68.1,,Russia,Bauman Moscow State Technical University,100.0
Ben-Gurion University of the Negev,Israel,2016,501.0,25.1,21.3,30.1,52.9,28.7,,Israel,Ben Gurion University of The Negev,100.0
Blaise Pascal University,France,2016,501.0,20.2,2.9,46.9,66.6,,,France,Blaise Pascal University,0.0
Harbin Institute of Technology,China,2016,501.0,29.4,27.3,15.7,25.6,99.8,,China,Harbin Institute of Technology,100.0
University of Hertfordshire,United Kingdom,2016,501.0,15.5,9.5,50.5,78.9,29.3,,United Kingdom,University of Hertfordshire,100.0
Hiroshima University,Japan,2016,501.0,27.8,18.9,41.7,22.2,42.2,,Japan,Hiroshima University,100.0
Huazhong University of Science and Technology,China,2016,501.0,29.3,22.7,31.6,17.3,71.8,,China,Huazhong University of Science and Technology,100.0
Indian Institute of Technology Guwahati,India,2016,501.0,24.3,20.7,42.6,12.9,32.3,,India,Indian Institute of Technology Guwahati (IITG),100.0
Central Queensland University,Australia,2016,501.0,20.9,11.4,43.7,50.8,32.5,,Australia,Central Queensland University,0.0
University of Chile,Chile,2016,501.0,28.3,19.6,30.5,44.1,,,Chile,University of Chile,0.0
China Agricultural University,China,2016,501.0,35.8,24.9,22.6,17.6,52.3,,China,China Agricultural University,100.0
Istanbul Technical University,Turkey,2016,501.0,19.2,25.8,26.5,22.9,72.1,,Turkey,Istanbul Technical University,100.0
Jadavpur University,India,2016,501.0,32.8,22.2,31.8,7.7,33.8,,India,Jadavpur University,100.0
Kanazawa University,Japan,2016,501.0,24.7,14.8,35.5,18.4,30.4,,Japan,Kanazawa University,100.0
Kansas State University,United States,2016,501.0,22.9,17.5,39.3,41.7,43.1,,United States,Kansas State University,100.0
Keio University,Japan,2016,501.0,25.0,17.5,28.5,22.7,41.4,,Japan,Keio University,100.0
Federal University of Rio de Janeiro,Brazil,2016,501.0,32.4,19.7,18.3,25.1,42.9,,Brazil,Federal University of Rio de Janeiro,0.0
University of Granada,Spain,2016,501.0,24.3,14.7,45.8,36.4,29.4,,Spain,University of Granada,100.0
University of Haifa,Israel,2016,501.0,25.5,29.5,26.2,34.7,30.3,,Israel,University of Haifa,100.0
University of La Laguna,Spain,2016,501.0,16.9,10.0,44.8,44.7,28.5,,Spain,University of La Laguna,0.0
Lappeenranta University of Technology,Finland,2016,501.0,27.1,27.5,20.8,53.0,80.3,,Finland,Lappeenranta-Lahti University of Technology LUT,88.09523809523809
University of Limerick,Republic of Ireland,2016,501.0,19.8,16.3,36.6,76.5,34.0,,Republic of Ireland,University of Limerick,100.0
University of Lisbon,Portugal,2016,501.0,25.9,18.3,32.4,46.6,35.4,,Portugal,University of Lisbon,100.0
Liverpool John Moores University,United Kingdom,2016,501.0,16.4,11.6,45.9,62.1,28.8,,United Kingdom,Liverpool John Moores University,100.0
Indian Institute of Technology Kanpur,India,2016,501.0,33.1,15.0,31.5,16.4,28.0,,India,Indian Institute of Technology Kanpur (IITK),100.0
Indian Institute of Technology Roorkee,India,2016,501.0,29.7,17.5,37.2,13.9,81.4,,India,Indian Institute of Technology Roorkee (IITR),100.0
Isfahan University of Technology,Iran,2016,501.0,18.1,23.0,39.5,17.2,99.5,,Iran,Isfahan University of Technology,100.0
Tampere University of Technology,Finland,2016,401.0,23.1,17.2,45.5,54.0,67.5,,Finland,Tampere University of Technology,0.0
Tokyo Medical and Dental University (TMDU),Japan,2016,401.0,39.3,18.3,36.6,23.1,59.5,,Japan,Tokyo Medical and Dental University,100.0
Tokyo Metropolitan University,Japan,2016,401.0,21.6,11.4,72.2,19.9,30.9,,Japan,Tokyo Metropolitan University,100.0
University of Tsukuba,Japan,2016,401.0,40.0,30.0,33.7,34.4,42.9,,Japan,University of Tsukuba,100.0
University of Ulsan,South Korea,2016,401.0,19.5,20.5,54.0,18.6,64.7,,South Korea,University of Ulsan,100.0
University of Rovira i Virgili,Spain,2016,401.0,20.8,14.8,66.9,41.5,30.9,,Spain,Rovira i Virgili University,94.73684210526316
Saint Petersburg State University,Russia,2016,401.0,47.9,31.4,14.5,33.0,29.5,,Russia,Saint Petersburg State University,100.0
University of Salento,Italy,2016,401.0,29.6,13.2,53.0,24.5,36.2,,Italy,University of Salento,100.0
University of Urbino Carlo Bo,Italy,2016,401.0,17.2,8.7,66.8,35.0,31.2,,Italy,University of Urbino Carlo Bo,0.0
University of Valencia,Spain,2016,401.0,22.7,16.9,49.6,40.5,31.3,,Spain,University of Valencia,0.0
University of Waikato,New Zealand,2016,401.0,19.3,18.2,53.7,87.0,30.7,,New Zealand,University of Waikato,100.0
Western Sydney University,Australia,2016,401.0,20.1,24.6,52.3,54.0,30.7,,Australia,Western Sydney University,100.0
Wuhan University,China,2016,401.0,38.2,26.8,18.0,36.7,97.8,,China,Wuhan University,100.0
State University of New York Albany,United States,2016,401.0,25.6,35.3,35.5,31.4,28.0,,United States,State University of New York Albany,0.0
University of Strathclyde,United Kingdom,2016,401.0,25.9,28.0,31.8,71.0,44.1,,United Kingdom,University of Strathclyde,100.0
University of Tampere,Finland,2016,401.0,23.5,13.7,63.7,41.9,40.0,,Finland,Tampere University,92.3076923076923
"University of the Andes, Colombia",Colombia,2016,501.0,21.2,13.8,31.2,51.7,28.0,,Colombia,"University of the Andes, Colombia",0.0
University of Arkansas,United States,2016,501.0,25.5,17.4,30.3,25.9,36.9,,United States,University of Kansas,95.23809523809523
Auburn University,United States,2016,501.0,30.2,19.4,21.0,27.9,37.2,,United States,Auburn University,100.0
Babeş-Bolyai University,Romania,2016,501.0,27.9,12.5,32.1,35.4,28.6,,Romania,Babes-Bolyai University,97.77777777777777
University of the Basque Country,Spain,2016,501.0,18.2,11.9,43.1,34.9,30.3,,Spain,University of the Basque Country,0.0
Ulster University,United Kingdom,2016,401.0,19.1,13.2,44.1,79.0,29.2,,United Kingdom,University of Ulster,91.89189189189189
Université du Québec à Montréal,Canada,2016,401.0,26.8,24.5,41.6,42.9,29.2,,Canada,Université du Québec à Montréal,0.0
Universiti Teknologi Malaysia,Malaysia,2016,401.0,26.3,14.6,44.7,51.7,31.1,,Malaysia,Universiti Teknologi Malaysia (UTM),100.0
Boğaziçi University,Turkey,2016,501.0,21.2,17.2,45.4,38.3,35.5,,Turkey,Boğaziçi University,0.0
University of Burgundy,France,2016,501.0,21.4,8.8,46.3,50.9,,,France,University of Burgundy,0.0
University of Canberra,Australia,2016,501.0,18.4,19.3,29.8,54.6,36.2,,Australia,University of Canberra,100.0
Carleton University,Canada,2016,501.0,19.9,24.0,32.0,61.3,30.4,,Canada,Carleton University,100.0
University of Catania,Italy,2016,501.0,19.2,15.9,52.9,25.3,29.5,,Italy,Catania University,92.3076923076923
Xiamen University,China,2016,401.0,26.7,15.6,47.0,25.0,,,China,Xiamen University,100.0
American University of Beirut,Lebanon,2016,501.0,27.7,11.2,31.9,93.0,,,Lebanon,American University of Beirut (AUB),100.0
Amirkabir University of Technology,Iran,2016,501.0,24.5,25.7,34.8,7.7,55.7,,Iran,Amirkabir University of Technology,100.0
University of Nantes,France,2016,401.0,19.6,12.2,69.4,35.1,,,France,Nantes University,91.89189189189189
National and Kapodistrian University of Athens,Greece,2016,401.0,26.7,16.3,45.8,39.0,,,Greece,National and Kapodistrian University of Athens,100.0
National Autonomous University of Mexico,Mexico,2016,401.0,42.7,40.2,14.8,35.9,63.7,,Mexico,National Autonomous University of Mexico,0.0
National Cheng Kung University,Taiwan,2016,401.0,29.8,40.2,27.2,27.7,100.0,,Taiwan,National Cheng Kung University (NCKU),100.0
National Institute of Applied Sciences of Lyon (INSA Lyon),France,2016,401.0,27.0,10.6,41.8,63.6,40.3,,France,National Institute of Applied Sciences of Lyon (INSA Lyon),0.0
Keele University,United Kingdom,2016,401.0,20.0,17.6,53.0,72.7,29.3,,United Kingdom,Keele University,100.0
University of KwaZulu-Natal,South Africa,2016,401.0,20.3,25.7,41.5,58.6,38.2,,South Africa,University of Kwazulu-Natal,100.0
Kyung Hee University,South Korea,2016,401.0,26.1,27.6,39.2,46.4,89.4,,South Korea,Kyung Hee University,100.0
University of Nice Sophia Antipolis,France,2016,401.0,21.4,16.1,53.7,79.5,28.5,,France,University of Nice Sophia Antipolis,0.0
Novosibirsk State University,Russia,2016,401.0,41.4,30.8,26.2,32.4,38.2,,Russia,Novosibirsk State University,100.0
The Open University,United Kingdom,2016,401.0,21.0,13.8,60.3,51.5,28.4,,United Kingdom,The Open University,0.0
Oxford Brookes University,United Kingdom,2016,401.0,25.7,18.8,42.7,68.9,28.4,,United Kingdom,Oxford Brookes University,100.0
University of Palermo,Italy,2016,401.0,15.3,9.1,77.4,23.6,28.0,,Italy,University of Parma,90.0
Marche Polytechnic University,Italy,2016,401.0,15.2,11.0,80.2,27.3,28.0,,Italy,Marche Polytechnic University,0.0
"University of Maryland, Baltimore County",United States,2016,401.0,21.3,18.2,61.3,28.2,31.7,,United States,"University of Maryland, Baltimore County",100.0
Murdoch University,Australia,2016,401.0,18.7,19.6,51.2,88.3,36.5,,Australia,Murdoch University,100.0
Pontifical Catholic University of Chile,Chile,2016,401.0,28.2,21.3,37.0,52.4,28.0,,Chile,Pontifical Catholic University of Chile,0.0
University of Porto,Portugal,2016,401.0,32.0,28.2,37.2,45.4,38.7,,Portugal,University of Porto,100.0
University of Portsmouth,United Kingdom,2016,401.0,17.2,10.9,58.2,79.3,28.9,,United Kingdom,University of Portsmouth,100.0
RMIT University,Australia,2016,401.0,24.7,17.7,44.6,82.1,37.0,,Australia,RMIT University,100.0
University of Rome II – Tor Vergata,Italy,2016,401.0,23.5,17.2,64.5,36.5,34.7,,Italy,University of Rome II – Tor Vergata,0.0
National Yang-Ming University,Taiwan,2016,401.0,41.5,18.5,33.3,15.8,30.2,,Taiwan,National Yang-Ming University,0.0
University of Neuchâtel,Switzerland,2016,401.0,24.2,14.7,48.2,91.4,,,Switzerland,University of Neuchâtel,0.0
New University of Lisbon,Portugal,2016,401.0,26.9,21.9,38.3,44.5,41.3,,Portugal,University of Lisbon,90.9090909090909
University of San Francisco,United States,2016,401.0,34.2,12.9,43.8,40.1,28.6,,United States,University of San Francisco,100.0
University of Saskatchewan,Canada,2016,401.0,30.8,22.4,39.7,52.9,62.9,,Canada,University of Saskatchewan,100.0
Sharif University of Technology,Iran,2016,401.0,26.6,30.1,33.7,15.9,87.8,,Iran,Sharif University of Technology,100.0
University of Siena,Italy,2016,401.0,23.7,17.8,45.2,39.0,33.2,,Italy,University of Siena,100.0
Southern Cross University,Australia,2016,401.0,18.9,18.3,53.3,52.7,37.7,,Australia,Southern Cross University,100.0
University of Parma,Italy,2016,401.0,17.7,16.6,56.4,36.8,37.1,,Italy,University of Parma,100.0
University of Pisa,Italy,2016,401.0,21.6,18.9,64.5,31.1,31.4,,Italy,University of Pisa,100.0
Polytechnic University of Catalonia,Spain,2016,401.0,25.2,14.8,44.7,63.9,40.9,,Spain,Polytechnic University of Catalonia,0.0
Dublin City University,Republic of Ireland,2016,401.0,26.1,25.2,36.3,76.7,51.7,,Republic of Ireland,Dublin City University,100.0
East China University of Science and Technology,China,2016,401.0,24.1,17.1,46.4,21.7,64.7,,China,East China University of Science and Technology,100.0
Ewha Womans University,South Korea,2016,401.0,23.9,18.3,50.4,34.3,57.6,,South Korea,Ewha Womans University,100.0
Federico Santa María Technical University,Chile,2016,401.0,17.2,10.1,70.5,54.1,35.1,,Chile,Federico Santa María Technical University,0.0
University of Ferrara,Italy,2016,401.0,17.7,17.2,63.3,41.8,35.9,,Italy,University of Ferrara,0.0
University of Cagliari,Italy,2016,401.0,19.4,13.2,56.8,32.6,33.6,,Italy,University of Cagliari,0.0
University of Canterbury,New Zealand,2016,401.0,23.5,22.5,38.9,91.0,52.1,,New Zealand,University of Canterbury,100.0
Catholic University of the Sacred Heart,Italy,2016,401.0,18.6,11.3,55.4,39.0,38.7,,Italy,Catholic University of the Sacred Heart,0.0
University of Graz,Austria,2016,401.0,24.9,16.3,53.3,68.9,29.3,,Austria,University of Graz,0.0
Heriot-Watt University,United Kingdom,2016,401.0,23.4,22.4,36.4,90.1,45.6,,United Kingdom,Heriot-Watt University,100.0
Hokkaido University,Japan,2016,401.0,40.3,32.8,29.3,27.9,53.7,,Japan,Hokkaido University,100.0
Howard University,United States,2016,401.0,38.8,11.0,44.5,30.3,,,United States,Howard University,100.0
University of Hull,United Kingdom,2016,401.0,22.4,16.1,41.1,73.2,31.8,,United Kingdom,University of Hull,100.0
Complutense University of Madrid,Spain,2016,401.0,33.2,27.6,31.2,39.1,30.9,,Spain,University Complutense Madrid,95.08196721311475
Concordia University,Canada,2016,401.0,19.3,23.4,36.4,77.4,30.9,,Canada,Concordia University,100.0
Curtin University,Australia,2016,401.0,20.1,20.2,44.6,93.1,37.8,,Australia,Curtin University,100.0
Indian Institute of Technology Madras,India,2016,401.0,34.6,20.7,31.4,16.1,88.9,,India,Indian Institute of Technology Madras (IITM),100.0
University of Ioannina,Greece,2016,401.0,14.5,17.7,56.4,36.9,32.9,,Greece,University of Ioannina,100.0
Iran University of Science and Technology,Iran,2016,401.0,25.9,26.0,42.3,12.2,61.2,,Iran,Iran University of Science and Technology,100.0
Johannes Kepler University of Linz,Austria,2016,401.0,19.2,13.8,51.6,58.5,37.4,,Austria,Johannes Kepler University Linz,95.38461538461537
University of Kaiserslautern,Germany,2016,401.0,29.6,22.6,47.5,44.1,80.2,,Germany,University of Kaiserslautern,0.0
Florida International University,United States,2016,401.0,25.7,18.1,49.4,32.8,32.7,,United States,Florida International University,100.0
University of Genoa,Italy,2016,401.0,27.2,14.2,59.3,38.8,42.3,,Italy,University of Genoa,100.0
Georgia State University,United States,2016,401.0,26.3,19.5,52.9,29.5,28.7,,United States,Georgia State University,100.0
Kyushu University,Japan,2016,401.0,36.5,27.5,31.8,26.4,83.2,,Japan,Kyushu University,100.0
Lehigh University,United States,2016,401.0,23.9,15.0,58.2,36.0,38.9,,United States,Lehigh University,100.0
Louisiana State University,United States,2016,401.0,26.8,27.7,37.8,26.1,,,United States,Louisiana State University,100.0
University of Macau,Macau,2016,401.0,18.5,17.0,49.7,98.4,34.9,,Macau,University of Macau,100.0
Makerere University,Uganda,2016,401.0,15.1,10.6,70.7,58.0,28.0,,Uganda,Makerere University,100.0
University of Idaho,United States,2016,401.0,28.3,19.4,40.8,32.0,32.4,,United States,University of Idaho,100.0
Indian Institute of Technology Delhi,India,2016,401.0,35.8,25.8,33.4,15.5,62.8,,India,Indian Institute of Technology Delhi (IITD),100.0
Indian Institute of Technology Kharagpur,India,2016,401.0,33.2,30.5,41.4,13.3,31.7,,India,Indian Institute of Technology Kharagpur (IITKGP),100.0
University of Tartu,Estonia,2016,351.0,23.8,22.8,64.2,46.1,31.5,,Estonia,University of Tartu,100.0
Temple University,United States,2016,351.0,34.0,18.2,58.3,28.6,41.6,,United States,Temple University,100.0
University of Texas at San Antonio,United States,2016,351.0,18.1,16.6,74.9,29.6,28.6,,United States,University of Texas at San Antonio,100.0
UiT The Arctic University of Norway,Norway,2016,351.0,26.5,18.7,58.8,66.1,36.8,,Norway,UiT The Arctic University of Norway,0.0
Université Libre de Bruxelles,Belgium,2016,351.0,26.1,28.3,47.9,84.5,39.1,,Belgium,Université Libre de Bruxelles (ULB),100.0
University of Rome III,Italy,2016,351.0,23.1,21.0,64.8,35.9,37.5,,Italy,University of Rome III,0.0
Sabancı University,Turkey,2016,351.0,22.3,32.3,52.8,42.7,70.0,,Turkey,Sabanci University,97.14285714285714
San Diego State University,United States,2016,351.0,20.3,27.0,62.7,25.9,29.3,,United States,San Diego State University,100.0
Victoria University of Wellington,New Zealand,2016,351.0,26.0,28.7,44.3,88.8,45.6,,New Zealand,Victoria University of Wellington,100.0
Washington State University,United States,2016,351.0,29.0,28.2,49.6,39.6,57.1,,United States,Washington State University,100.0
Wayne State University,United States,2016,351.0,31.9,14.2,65.3,29.6,41.7,,United States,Wayne State University,100.0
American University,United States,2016,401.0,42.2,16.5,41.1,28.9,35.9,,United States,American University,100.0
Aston University,United Kingdom,2016,401.0,18.4,20.4,51.9,92.5,34.6,,United Kingdom,Aston University,100.0
Sun Yat-sen University,China,2016,351.0,31.9,24.6,45.7,37.0,79.4,,China,Sun Yat-sen University,100.0
Swansea University,United Kingdom,2016,351.0,22.2,23.8,58.2,72.4,32.7,,United Kingdom,Swansea University,100.0
Swinburne University of Technology,Australia,2016,351.0,21.5,20.2,53.4,84.8,32.2,,Australia,Swinburne University of Technology,100.0
Bournemouth University,United Kingdom,2016,401.0,32.0,12.6,35.2,70.6,28.8,,United Kingdom,Bournemouth University,100.0
University of Brescia,Italy,2016,401.0,15.6,14.8,72.3,36.6,35.8,,Italy,University of Brescia,100.0
Brno University of Technology,Czech Republic,2016,401.0,18.0,14.7,55.8,35.8,33.7,,Czech Republic,Brno University of Technology,100.0
Brunel University London,United Kingdom,2016,401.0,24.8,23.3,39.5,91.8,34.7,,United Kingdom,Brunel University of London,94.11764705882352
Ca’ Foscari University of Venice,Italy,2016,401.0,23.9,27.8,48.9,38.1,32.3,,Italy,Ca' Foscari University of Venice,100.0
Lille 2 University – Health and Law,France,2016,351.0,15.1,9.5,81.7,39.4,31.5,,France,Lille 2 University – Health and Law,0.0
University College Cork,Republic of Ireland,2016,351.0,28.6,23.8,48.4,75.5,47.1,,Republic of Ireland,University College Cork,100.0
Verona University,Italy,2016,351.0,23.6,13.1,76.1,38.3,36.6,,Italy,Verona University,100.0
Charles University in Prague,Czech Republic,2016,401.0,31.5,21.5,41.0,52.8,28.2,,Czech Republic,Charles University in Prague,0.0
"China Medical University, Taiwan",Taiwan,2016,401.0,24.0,29.4,45.0,25.7,60.4,,Taiwan,"China Medical University, Taiwan",0.0
City University London,United Kingdom,2016,401.0,23.5,21.2,43.5,89.6,28.9,,United Kingdom,City University London,0.0
Claude Bernard University Lyon 1,France,2016,401.0,21.3,13.2,66.5,50.5,34.5,,France,Université Claude Bernard Lyon 1,98.41269841269842
University of Coimbra,Portugal,2016,401.0,28.3,26.5,42.4,46.2,34.8,,Portugal,University of Coimbra,100.0
University of Aveiro,Portugal,2016,401.0,24.8,26.5,43.6,45.9,40.1,,Portugal,University of Aveiro,100.0
University of Bari Aldo Moro,Italy,2016,401.0,28.7,21.6,48.8,31.7,45.4,,Italy,University of Bari Aldo Moro,0.0
Bar-Ilan University,Israel,2016,401.0,22.6,21.3,42.3,49.4,28.9,,Israel,Bar-Ilan University,100.0
Graz University of Technology,Austria,2016,351.0,26.0,15.8,52.9,69.3,77.2,,Austria,Graz University of Technology,100.0
University of Guelph,Canada,2016,351.0,28.0,34.2,44.4,53.6,47.4,,Canada,University of Guelph,100.0
Hanyang University,South Korea,2016,351.0,33.9,32.6,31.1,54.3,87.9,,South Korea,Hanyang University,100.0
Hong Kong Baptist University,Hong Kong,2016,351.0,22.6,12.1,67.9,75.0,28.8,,Hong Kong,Hong Kong Baptist University,100.0
University of Houston,United States,2016,351.0,34.9,26.5,52.0,33.9,42.3,,United States,University of Houston,100.0
VŠB - Technical University of Ostrava,Czech Republic,2016,301.0,18.8,15.7,85.5,22.3,32.1,,Czech Republic,Technical University of Ostrava,93.93939393939394
Yonsei University,South Korea,2016,301.0,37.2,34.1,39.4,41.5,75.9,,South Korea,Yonsei University,100.0
York University,Canada,2016,301.0,30.2,30.8,49.1,58.2,33.2,,Canada,York University,100.0
La Trobe University,Australia,2016,351.0,27.0,28.5,45.4,78.0,43.7,,Australia,La Trobe University,100.0
Loughborough University,United Kingdom,2016,351.0,31.2,32.2,41.3,72.9,36.6,,United Kingdom,Loughborough University,100.0
University of Manitoba,Canada,2016,351.0,27.1,26.9,49.7,57.8,41.8,,Canada,University of Manitoba,100.0
University of Missouri,United States,2016,351.0,31.2,21.0,60.2,31.0,31.1,,United States,University of Missouri,0.0
University of Modena and Reggio Emilia,Italy,2016,351.0,18.7,15.6,72.9,34.2,32.3,,Italy,University of Modena and Reggio Emilia,100.0
University of Eastern Finland,Finland,2016,351.0,24.8,20.7,65.1,46.1,33.3,,Finland,University of Eastern Finland,100.0
University of Florence,Italy,2016,351.0,21.7,20.4,72.1,38.5,35.9,,Italy,University of Florence,100.0
University of St Gallen,Switzerland,2016,351.0,25.8,11.2,53.5,97.6,41.8,,Switzerland,University of St Gallen,0.0
University of New Mexico,United States,2016,351.0,25.6,15.4,74.5,28.6,37.0,,United States,University of New Mexico,100.0
Norwegian University of Science and Technology,Norway,2016,351.0,16.3,25.8,59.8,59.9,51.8,,Norway,Norwegian University of Science And Technology,100.0
University of Oulu,Finland,2016,351.0,23.1,15.9,62.3,56.9,30.9,,Finland,University of Oulu,100.0
Panthéon-Sorbonne University – Paris 1,France,2016,351.0,53.2,47.6,6.8,47.6,28.3,,France,Université Paris 1 Panthéon-Sorbonne,98.59154929577466
Polytechnic University of Turin,Italy,2016,351.0,23.7,18.6,65.9,50.6,42.5,,Italy,Polytechnic University of Turin,0.0
Indian Institute of Technology Bombay,India,2016,351.0,37.8,28.6,48.5,17.7,42.3,,India,Indian Institute of Technology Bombay (IITB),100.0
Instituto Superior Técnico Lisboa,Portugal,2016,351.0,22.2,25.0,59.8,43.7,38.8,,Portugal,Instituto Superior Técnico Lisboa,0.0
University of Jyväskylä,Finland,2016,351.0,28.2,25.5,55.5,47.1,34.2,,Finland,University of Jyväskylä,100.0
University of South Australia,Australia,2016,351.0,26.4,26.7,41.2,89.0,85.9,,Australia,University of South Australia,0.0
University of South Carolina,United States,2016,351.0,31.1,21.5,58.7,24.5,30.3,,United States,University of South Carolina,100.0
University of South Dakota,United States,2016,351.0,29.3,12.1,70.4,17.1,28.0,,United States,University of South Dakota,0.0
State University of Campinas,Brazil,2016,351.0,44.6,42.3,22.6,21.1,49.4,,Brazil,State University of Campinas,0.0
University of Stirling,United Kingdom,2016,351.0,22.6,23.5,59.1,77.7,30.4,,United Kingdom,University of Stirling,100.0
University of Montana,United States,2016,351.0,30.8,13.6,65.5,21.5,31.0,,United States,University of Montana,0.0
"National University of Ireland, Maynooth",Republic of Ireland,2016,351.0,24.6,22.8,50.2,75.6,36.6,,Republic of Ireland,"National University of Ireland, Maynooth",0.0
University of Nebraska Medical Center,United States,2016,351.0,37.0,13.3,64.4,37.7,33.6,,United States,University of Nebraska Medical Center,0.0
National Chiao Tung University,Taiwan,2016,301.0,32.9,45.4,34.2,32.0,96.9,,Taiwan,National Tsing Hua University,88.13559322033898
National Research Nuclear University MePhI,Russia,2016,301.0,43.9,24.1,52.8,27.5,28.1,,Russia,National Research Nuclear University MEPhI (Moscow Engineering Physics Institute),100.0
National Taiwan University of Science and Technology (Taiwan Tech),Taiwan,2016,301.0,31.7,43.1,39.1,30.5,92.2,,Taiwan,National Taiwan University of Science and Technology (Taiwan Tech),100.0
University of Navarra,Spain,2016,301.0,31.9,20.8,57.5,52.6,63.5,,Spain,University of Navarra,100.0
University of Nebraska-Lincoln,United States,2016,301.0,30.1,30.2,53.5,45.8,35.6,,United States,University of Nebraska - Lincoln,100.0
University of Innsbruck,Austria,2016,301.0,23.6,16.9,67.3,95.7,39.9,,Austria,Universität Innsbruck,90.9090909090909
Kazan Federal University,Russia,2016,301.0,21.9,12.3,87.5,25.5,42.4,,Russia,Kazan Federal University,100.0
University of Kent,United Kingdom,2016,301.0,24.6,19.1,60.9,87.2,28.8,,United Kingdom,University of Kent,100.0
University of Pavia,Italy,2016,301.0,25.0,22.5,65.1,40.5,69.4,,Italy,University of Padova,92.3076923076923
Plymouth University,United Kingdom,2016,301.0,19.3,18.0,75.2,64.0,28.5,,United Kingdom,University of Plymouth,92.6829268292683
Shanghai Jiao Tong University,China,2016,301.0,37.8,45.2,34.0,27.5,92.9,,China,Shanghai Jiao Tong University,100.0
University of Southern Denmark,Denmark,2016,301.0,19.2,14.7,79.7,71.8,28.0,,Denmark,University of Southern Denmark,100.0
Stellenbosch University,South Africa,2016,301.0,28.2,35.0,46.9,49.8,100.0,,South Africa,Stellenbosch University,100.0
Montpellier University,France,2016,301.0,38.7,16.7,59.5,54.4,31.9,,France,Université de Montpellier,91.30434782608697
Nagoya University,Japan,2016,301.0,40.8,38.9,40.1,27.4,91.4,,Japan,Nagoya University,100.0
University of Naples Federico II,Italy,2016,301.0,24.7,14.8,81.3,21.1,47.4,,Italy,University of Naples - Federico II,100.0
Toulouse 1 Capitole University,France,2016,301.0,18.6,35.7,56.3,66.7,32.5,,France,"Université Toulouse 1, Capitole",98.30508474576271
University of Trieste,Italy,2016,301.0,26.5,18.5,74.1,47.3,32.3,,Italy,University of Trieste,100.0
University of Turin,Italy,2016,301.0,27.4,22.3,67.5,38.8,54.2,,Italy,University of Turin,100.0
University of Turku,Finland,2016,301.0,27.1,21.2,65.8,66.2,31.2,,Finland,University of Turku,100.0
Vrije Universiteit Brussel,Belgium,2016,301.0,28.7,24.5,56.8,64.5,77.1,,Belgium,Vrije Universiteit Brussel (VUB),100.0
Örebro University,Sweden,2016,301.0,18.3,10.4,87.8,39.4,29.8,,Sweden,Örebro University,0.0
University of Oregon,United States,2016,301.0,21.2,22.7,72.6,33.5,30.8,,United States,University of Oregon,100.0
University of Padua,Italy,2016,301.0,25.7,22.6,74.6,37.9,32.6,,Italy,University of Padova,92.3076923076923
Bilkent University,Turkey,2016,351.0,22.6,17.5,64.1,47.5,30.2,,Turkey,Bilkent University,100.0
"Binghamton University, State University of New York",United States,2016,351.0,22.7,17.4,62.0,53.6,34.0,,United States,"Binghamton University, State University of New York",0.0
University of Crete,Greece,2016,351.0,18.6,19.2,73.6,47.0,34.5,,Greece,University of Crete,100.0
University of Cyprus,Cyprus,2016,351.0,18.0,28.5,56.7,74.7,30.0,,Cyprus,University of Cyprus,100.0
Drexel University,United States,2016,351.0,31.2,14.6,57.7,46.3,36.3,,United States,Drexel University,100.0
University of Strasbourg,France,2016,301.0,25.5,23.4,64.4,71.6,32.8,,France,Université de Strasbourg,89.36170212765957
Technical University of Dortmund,Germany,2016,301.0,34.2,29.8,55.3,40.8,48.6,,Germany,Technical University of Dortmund,0.0
Technion Israel Institute of Technology,Israel,2016,301.0,30.8,33.3,52.1,61.9,28.8,,Israel,Technion - Israel Institute of Technology,100.0
"University of Tennessee, Knoxville",United States,2016,251.0,29.5,23.2,81.4,39.3,41.3,,United States,"University of Tennessee, Knoxville",0.0
Tomsk Polytechnic University,Russia,2016,251.0,31.6,15.1,82.4,32.7,60.2,,Russia,Tomsk Polytechnic University,100.0
Tulane University,United States,2016,251.0,39.1,19.3,67.8,35.3,32.4,,United States,Tulane University,100.0
Umeå University,Sweden,2016,251.0,20.8,25.0,74.5,56.1,31.1,,Sweden,Umeå University,100.0
Vienna University of Technology,Austria,2016,251.0,34.1,32.0,54.6,77.3,86.5,,Austria,Vienna University of Technology,100.0
Queen’s University,Canada,2016,251.0,35.8,35.8,54.4,61.6,54.2,,Canada,Queen’s University,0.0
Queensland University of Technology,Australia,2016,251.0,28.8,35.6,56.0,76.0,73.7,,Australia,Queensland University of Technology,100.0
Rensselaer Polytechnic Institute,United States,2016,251.0,30.4,31.5,65.1,40.3,79.6,,United States,Rensselaer Polytechnic Institute,100.0
Aberystwyth University,United Kingdom,2016,301.0,21.6,18.9,67.2,72.2,31.3,,United Kingdom,Aberystwyth University,100.0
University of Alaska Fairbanks,United States,2016,301.0,25.1,23.1,63.0,53.5,51.2,,United States,University of Alaska Fairbanks,100.0
Autonomous University of Madrid,Spain,2016,301.0,35.6,30.9,46.9,48.6,33.0,,Spain,Autonomous University of Madrid,0.0
Bangor University,United Kingdom,2016,301.0,22.6,22.1,65.4,81.3,31.0,,United Kingdom,Bangor University,100.0
University of Bremen,Germany,2016,301.0,30.9,32.7,50.0,50.0,46.0,,Germany,Universität Bremen,89.47368421052632
University of Surrey,United Kingdom,2016,251.0,31.7,28.9,51.2,90.4,34.9,,United Kingdom,University of Surrey,100.0
Syracuse University,United States,2016,251.0,31.4,20.8,77.1,38.3,36.3,,United States,Syracuse University,100.0
University of Tasmania,Australia,2016,251.0,21.8,25.7,68.0,79.1,42.7,,Australia,University of Tasmania,100.0
University of Essex,United Kingdom,2016,301.0,33.9,33.3,38.6,93.7,28.9,,United Kingdom,University of Essex,100.0
George Mason University,United States,2016,301.0,29.6,21.2,64.9,36.9,29.1,,United States,George Mason University,100.0
University of Greifswald,Germany,2016,301.0,30.1,23.5,61.3,41.7,32.6,,Germany,University of Greifswald,0.0
Gwangju Institute of Science and Technology,South Korea,2016,301.0,35.2,42.0,43.7,36.2,45.2,,South Korea,Gwangju Institute of Science and Technology (GIST),100.0
University of Hohenheim,Germany,2016,301.0,30.9,33.8,51.5,50.3,52.8,,Germany,Universität Hohenheim,90.9090909090909
Virginia Polytechnic Institute and State University,United States,2016,251.0,34.9,38.2,54.2,29.5,43.3,,United States,Virginia Polytechnic Institute and State University,0.0
University of Wollongong,Australia,2016,251.0,25.8,28.4,59.3,86.8,57.9,,Australia,University of Wollongong,100.0
Zhejiang University,China,2016,251.0,44.3,46.0,36.1,19.6,96.2,,China,Zhejiang University,100.0
Leibniz University of Hanover,Germany,2016,301.0,36.5,36.9,39.0,43.2,69.6,,Germany,Leibniz Universität Hannover,91.22807017543859
Macquarie University,Australia,2016,301.0,28.5,27.2,52.3,90.0,33.1,,Australia,Macquarie University,100.0
Medical College of Wisconsin,United States,2016,301.0,25.4,12.1,85.2,30.4,31.8,,United States,Medical College of Wisconsin,0.0
University of Milan,Italy,2016,301.0,30.5,24.2,64.8,37.7,40.9,,Italy,University of Milan,100.0
University of Milan-Bicocca,Italy,2016,301.0,24.3,25.5,65.8,34.3,46.6,,Italy,University of Milano-Bicocca,98.18181818181819
University of Cincinnati,United States,2016,301.0,31.3,20.4,72.1,28.3,35.3,,United States,University of Cincinnati,100.0
University of Connecticut,United States,2016,301.0,35.9,25.6,57.0,43.1,30.9,,United States,University of Connecticut,100.0
Deakin University,Australia,2016,301.0,22.4,21.9,66.8,76.9,30.0,,Australia,Deakin University,100.0
University of Delaware,United States,2016,251.0,23.7,34.0,70.0,41.6,98.7,,United States,University of Delaware,100.0
Flinders University,Australia,2016,251.0,21.4,25.7,69.5,64.7,41.7,,Australia,Flinders University,100.0
University of Georgia,United States,2016,251.0,41.1,30.5,52.2,39.2,30.9,,United States,The University of Georgia,91.30434782608697
Griffith University,Australia,2016,251.0,22.5,25.2,66.3,81.7,34.6,,Australia,Griffith University,100.0
University of Iceland,Iceland,2016,251.0,16.2,16.2,91.4,61.0,28.0,,Iceland,University of Iceland,100.0
William & Mary,United States,2016,201.0,38.5,17.5,85.0,26.6,29.1,,United States,William & Mary,100.0
University of the Witwatersrand,South Africa,2016,201.0,26.2,31.5,76.0,68.4,99.7,,South Africa,University of The Witwatersrand,100.0
Aalto University,Finland,2016,251.0,31.1,32.8,62.1,65.4,61.6,,Finland,Aalto University,100.0
Justus Liebig University Giessen,Germany,2016,251.0,32.9,33.9,52.9,46.8,46.4,,Germany,Justus Liebig University Giessen,0.0
King Abdulaziz University,Saudi Arabia,2016,251.0,23.9,11.8,76.6,93.0,73.1,,Saudi Arabia,King Abdul Aziz University (KAU),98.0392156862745
Koç University,Turkey,2016,251.0,21.2,27.1,74.9,53.5,82.4,,Turkey,Koc University,96.2962962962963
Korea University,South Korea,2016,251.0,43.9,43.4,41.8,40.2,99.8,,South Korea,Korea University,100.0
University of Liège,Belgium,2016,251.0,29.1,36.6,46.5,69.7,98.9,,Belgium,University of Liège,0.0
Charles Darwin University,Australia,2016,251.0,17.8,22.6,85.9,63.7,43.2,,Australia,Charles Darwin University,100.0
Colorado School of Mines,United States,2016,251.0,28.5,30.3,71.8,35.5,83.7,,United States,Colorado School of Mines,100.0
Colorado State University,United States,2016,251.0,31.6,33.0,59.3,34.5,41.0,,United States,Colorado State University,100.0
"National University of Ireland, Galway",Republic of Ireland,2016,251.0,27.3,25.4,68.5,76.5,41.9,,Republic of Ireland,"National University of Ireland, Galway",0.0
University of Newcastle,Australia,2016,251.0,27.4,26.5,67.2,75.9,64.4,,Australia,The University of Newcastle,92.0
North Carolina State University,United States,2016,251.0,36.1,30.5,60.0,49.0,40.7,,United States,North Carolina State University,100.0
Oregon State University,United States,2016,251.0,30.6,28.5,63.8,42.8,32.1,,United States,Oregon State University,100.0
Osaka University,Japan,2016,251.0,46.8,45.2,37.4,26.6,76.1,,Japan,Soka University,90.32258064516128
Indian Institute of Science,India,2016,251.0,42.7,47.2,42.4,16.4,52.4,,India,Indian Institute of Science,0.0
Iowa State University,United States,2016,251.0,31.2,29.4,61.5,35.4,54.0,,United States,Iowa State University,100.0
James Cook University,Australia,2016,251.0,19.0,22.8,81.4,70.4,40.7,,Australia,James Cook University,100.0
Royal College of Surgeons in Ireland,Republic of Ireland,2016,251.0,29.9,20.1,65.3,90.1,33.9,,Republic of Ireland,Royal College of Surgeons in Ireland,0.0
Ruhr University Bochum,Germany,2016,251.0,32.8,30.0,54.4,51.7,66.6,,Germany,Ruhr-Universität Bochum,93.33333333333333
Saint Louis University,United States,2016,251.0,36.9,10.9,85.0,26.6,29.9,,United States,Saint Louis University,100.0
University of São Paulo,Brazil,2016,251.0,59.1,57.1,20.4,25.3,30.5,,Brazil,University of São Paulo,0.0
Simon Fraser University,Canada,2016,251.0,23.2,29.2,72.8,61.4,42.3,,Canada,Simon Fraser University,100.0
Linköping University,Sweden,2016,251.0,24.2,18.9,76.8,57.7,42.1,,Sweden,Linköping University,100.0
Nanjing University,China,2016,251.0,37.2,32.2,54.2,50.4,58.6,,China,Nanjing University,100.0
National Tsing Hua University,Taiwan,2016,251.0,37.7,36.6,53.0,23.2,49.5,,Taiwan,National Tsing Hua University,100.0
Paris Descartes University,France,2016,201.0,24.6,28.8,83.3,49.1,29.0,,France,Paris Descartes University,0.0
Peter the Great St Petersburg Polytechnic University,Russia,2016,201.0,30.8,17.8,97.4,29.6,42.5,,Russia,Peter the Great St.Petersburg Polytechnic University,100.0
Polytechnic University of Milan,Italy,2016,201.0,30.1,31.7,76.3,48.8,66.3,,Italy,Polytechnic University of Milan,0.0
Royal Veterinary College,United Kingdom,2016,201.0,26.0,27.8,74.9,81.7,45.5,,United Kingdom,Royal Veterinary College,0.0
Rush University,United States,2016,201.0,37.7,17.4,88.9,21.8,45.4,,United States,Rush University,0.0
Indiana University,United States,2016,201.0,43.0,27.3,74.8,41.2,,,United States,Indiana University,0.0
University of Iowa,United States,2016,201.0,41.0,26.7,73.5,32.3,54.1,,United States,University of Iowa,100.0
Johannes Gutenberg University of Mainz,Germany,2016,201.0,34.9,21.7,72.6,53.3,70.7,,Germany,Johannes Gutenberg Universität Mainz,94.5945945945946
Stony Brook University,United States,2016,201.0,32.6,22.0,83.0,53.2,33.4,,United States,Stony Brook University,100.0
University of Stuttgart,Germany,2016,201.0,40.0,44.5,55.7,52.7,99.8,,Germany,University of Stuttgart,0.0
Swedish University of Agricultural Sciences,Sweden,2016,201.0,31.5,32.8,68.1,40.1,99.9,,Sweden,Swedish University of Agricultural Sciences,0.0
Technical University of Darmstadt,Germany,2016,201.0,37.1,43.2,51.1,54.4,99.1,,Germany,Technical University of Darmstadt,0.0
University of Technology Sydney,Australia,2016,201.0,27.0,35.1,66.9,90.1,42.3,,Australia,University of Technology Sydney,100.0
Oregon Health and Science University,United States,2016,201.0,27.8,15.7,96.0,21.4,44.6,,United States,Oregon Health and Science University,0.0
University of Otago,New Zealand,2016,201.0,30.7,30.5,74.9,89.9,31.5,,New Zealand,University of Otago,100.0
University of Ottawa,Canada,2016,201.0,37.1,36.7,61.5,69.9,41.5,,Canada,University of Ottawa,100.0
Tohoku University,Japan,2016,201.0,45.3,42.7,49.4,29.3,74.7,,Japan,Tohoku University,100.0
Tokyo Institute of Technology,Japan,2016,201.0,45.6,47.6,42.2,31.9,70.9,,Japan,Tokyo Institute of Technology,100.0
University of Victoria,Canada,2016,201.0,20.6,30.0,79.0,70.2,36.6,,Canada,University of Victoria,100.0
Wake Forest University,United States,2016,201.0,34.6,19.5,94.8,24.2,42.5,,United States,Wake Forest University,100.0
University of Western Ontario,Canada,2016,201.0,38.6,32.4,59.0,73.6,59.7,,Canada,University of Western Ontario,0.0
Sapienza University of Rome,Italy,2016,201.0,38.0,37.3,61.5,34.7,32.6,,Italy,Sapienza University of Rome,100.0
University of Science and Technology of China,China,2016,201.0,46.7,36.6,67.2,21.4,80.3,,China,University of Science and Technology of China,100.0
University of South Florida,United States,2016,201.0,24.8,35.7,73.4,45.1,99.8,,United States,University of South Florida,100.0
Aix-Marseille University,France,2016,251.0,36.7,22.1,64.9,63.0,33.1,,France,Aix-Marseille University,100.0
University of Bath,United Kingdom,2016,251.0,28.9,27.9,56.7,84.8,36.3,,United Kingdom,University of Bath,100.0
Bayreuth University,Germany,2016,251.0,32.2,31.2,60.1,52.6,56.4,,Germany,Universität Bayreuth,92.3076923076923
Bielefeld University,Germany,2016,251.0,35.2,46.2,49.9,45.4,60.9,,Germany,Universität Bielefeld,92.6829268292683
University of Bordeaux,France,2016,251.0,25.3,22.0,71.7,54.6,30.6,,France,Université de Bordeaux,88.37209302325581
Tel Aviv University,Israel,2016,201.0,41.0,50.5,49.2,47.5,42.9,,Israel,Tel Aviv University,100.0
University of Texas at Dallas,United States,2016,201.0,24.3,26.7,86.8,52.3,41.8,,United States,University of Texas at Dallas,100.0
Tilburg University,Netherlands,2016,201.0,34.1,47.1,51.5,71.6,57.4,,Netherlands,Tilburg University,100.0
Paris Diderot University – Paris 7,France,2016,199.0,30.5,22.9,91.0,64.9,29.0,48.9,France,Paris Diderot University – Paris 7,0.0
Queen’s University Belfast,United Kingdom,2016,200.0,34.1,33.3,68.9,93.4,35.7,48.8,United Kingdom,Queen's University Belfast,100.0
Aalborg University,Denmark,2016,201.0,25.1,28.4,73.8,71.0,43.7,,Denmark,Aalborg University,100.0
"Birkbeck, University of London",United Kingdom,2016,201.0,33.5,35.1,66.3,89.9,28.5,,United Kingdom,"Birkbeck, University of London",0.0
University of Bologna,Italy,2016,201.0,39.3,29.5,73.0,39.9,34.5,,Italy,University of Bologna,0.0
Paris-Sud University,France,2016,188.0,38.7,29.0,79.8,64.2,28.8,49.8,France,Paris-Sud University,0.0
Arizona State University,United States,2016,189.0,32.4,38.1,84.6,31.9,32.0,49.7,United States,Arizona State University,100.0
University of Antwerp,Belgium,2016,190.0,31.6,40.8,71.7,64.8,60.3,49.6,Belgium,University of Antwerp,100.0
City University of Hong Kong,Hong Kong,2016,201.0,32.1,26.7,76.8,81.6,50.1,,Hong Kong,City University of Hong Kong,100.0
Copenhagen Business School,Denmark,2016,201.0,19.3,26.5,79.4,88.5,35.3,,Denmark,Copenhagen Business School,0.0
Dalhousie University,Canada,2016,201.0,30.4,29.4,65.2,78.3,50.3,,Canada,Dalhousie University,100.0
University of Duisburg-Essen,Germany,2016,201.0,32.3,27.0,81.3,48.5,82.3,,Germany,Universität Duisburg-Essen,92.5925925925926
École Normale Supérieure de Lyon,France,2016,201.0,41.6,30.0,69.0,65.6,31.7,,France,Ecole Normale Supérieure de Lyon,88.88888888888889
Newcastle University,United Kingdom,2016,196.0,30.9,27.5,81.5,84.3,34.7,49.2,United Kingdom,Newcastle University,100.0
"St George’s, University of London",United Kingdom,2016,196.0,25.6,18.1,100.0,69.5,37.7,49.2,United Kingdom,"City St George’s, University of London",92.7536231884058
University of Trento,Italy,2016,198.0,30.8,27.4,87.7,55.9,47.1,49.1,Italy,University of Trento,100.0
George Washington University,United States,2016,201.0,44.7,23.5,65.7,48.1,29.5,,United States,George Washington University,100.0
Goethe University Frankfurt,Germany,2016,201.0,35.8,28.6,79.3,60.2,38.1,,Germany,Goethe University Frankfurt,0.0
University of Hawai’i at Mānoa,United States,2016,201.0,32.0,35.5,67.7,63.4,44.7,,United States,University of Hawaii at Mañoa,94.91525423728814
Hong Kong Polytechnic University,Hong Kong,2016,201.0,29.3,35.2,63.3,79.0,45.1,,Hong Kong,The Hong Kong Polytechnic University,94.11764705882352
University of Illinois at Chicago,United States,2016,201.0,40.9,29.2,63.2,58.1,38.0,,United States,University of Illinois Chicago (UIC),95.23809523809523
University at Buffalo,United States,2016,201.0,36.5,37.9,62.0,60.6,43.8,,United States,University at Buffalo SUNY,89.36170212765957
University of Calgary,Canada,2016,201.0,33.9,36.7,67.8,70.1,52.0,,Canada,University of Calgary,100.0
Chalmers University of Technology,Sweden,2016,201.0,36.6,35.3,52.2,77.6,79.5,,Sweden,Chalmers University of Technology,100.0
Joseph Fourier University,France,2016,201.0,34.2,21.6,83.2,58.6,31.6,,France,Joseph Fourier University,0.0
University of Kiel,Germany,2016,201.0,32.3,20.5,89.5,49.4,,,Germany,University of Kiel,0.0
Laval University,Canada,2016,201.0,37.5,31.7,62.2,63.8,57.5,,Canada,Laval University,100.0
Medical University of Vienna,Austria,2016,201.0,26.6,14.6,89.1,81.7,33.9,,Austria,Medical University of Vienna,0.0
Northeastern University,United States,2016,201.0,35.5,20.6,84.0,58.7,32.9,,United States,Northeastern University,100.0
Florida State University,United States,2016,201.0,38.5,40.1,64.7,41.6,32.0,,United States,Florida State University,100.0
University of Fribourg,Switzerland,2016,201.0,32.3,32.9,64.1,87.4,60.8,,Switzerland,University of Fribourg,100.0
Fudan University,China,2016,201.0,44.7,30.4,61.1,38.6,28.0,,China,Fudan University,100.0
"University of California, Riverside",United States,2016,167.0,27.5,33.3,91.2,59.5,42.5,51.1,United States,"University of California, Riverside",100.0
University of Leicester,United Kingdom,2016,167.0,32.1,27.8,86.0,86.6,31.7,51.1,United Kingdom,University of Leicester,100.0
National Taiwan University,Taiwan,2016,167.0,54.1,58.0,47.3,27.7,49.6,51.1,Taiwan,National Taiwan University (NTU),100.0
Technical University of Denmark,Denmark,2016,167.0,37.3,29.9,77.8,85.1,50.0,51.1,Denmark,Technical University of Denmark,100.0
Université Catholique de Louvain,Belgium,2016,167.0,38.7,40.6,68.4,74.2,51.0,51.1,Belgium,Université Catholique de Louvain (UCL),100.0
University of Cologne,Germany,2016,156.0,42.2,38.0,75.0,53.1,68.5,52.3,Germany,University of Cologne,0.0
University of Liverpool,United Kingdom,2016,157.0,32.8,30.9,85.9,85.4,36.6,52.2,United Kingdom,University of Liverpool,100.0
TU Dresden,Germany,2016,158.0,41.4,45.8,66.1,47.7,99.7,52.1,Germany,TU Dresden,0.0
University of Konstanz,Germany,2016,175.0,38.5,46.7,61.9,58.3,92.4,50.8,Germany,Universität Konstanz,90.47619047619048
Eindhoven University of Technology,Netherlands,2016,176.0,34.3,41.0,70.7,71.3,57.3,50.6,Netherlands,Eindhoven University of Technology,100.0
University College Dublin,Republic of Ireland,2016,176.0,35.0,38.5,70.8,86.3,33.5,50.6,Republic of Ireland,University College Dublin,100.0
Hebrew University of Jerusalem,Israel,2016,178.0,45.8,41.4,64.6,55.6,31.9,50.5,Israel,Hebrew University of Jerusalem,100.0
University of Waterloo,Canada,2016,179.0,35.4,43.9,66.5,74.4,39.5,50.3,Canada,University of Waterloo,100.0
Pompeu Fabra University,Spain,2016,164.0,32.9,28.0,90.7,63.3,37.2,51.2,Spain,Universitat Pompeu Fabra,93.61702127659575
University of Reading,United Kingdom,2016,164.0,39.3,37.3,69.9,85.1,34.2,51.2,United Kingdom,University of Reading,100.0
Yeshiva University,United States,2016,164.0,44.8,23.7,92.8,28.5,,51.2,United States,Yeshiva University,100.0
Cardiff University,United Kingdom,2016,182.0,30.9,31.6,82.0,78.1,34.6,50.1,United Kingdom,Cardiff University,100.0
University of Utah,United States,2016,182.0,35.6,35.3,83.7,30.1,57.4,50.1,United States,University of Utah,100.0
Brandeis University,United States,2016,185.0,28.3,25.7,97.3,47.0,38.6,49.9,United States,Brandeis University,100.0
University of Dundee,United Kingdom,2016,185.0,25.6,26.9,90.2,78.5,49.5,49.9,United Kingdom,University of Dundee,100.0
University of Würzburg,Germany,2016,185.0,34.6,35.8,79.1,50.9,47.9,49.9,Germany,University of Würzburg,0.0
University of Aberdeen,United Kingdom,2016,172.0,29.7,31.4,82.6,91.4,43.1,51.0,United Kingdom,University of Aberdeen,100.0
University of Auckland,New Zealand,2016,172.0,31.4,39.5,69.8,90.5,78.0,51.0,New Zealand,The University of Auckland,91.66666666666666
University of Barcelona,Spain,2016,174.0,38.5,37.4,78.9,49.2,31.1,50.9,Spain,University of Barcelona,100.0
Boston College,United States,2016,190.0,34.1,29.3,83.3,60.0,46.8,49.6,United States,Boston College,100.0
Ulm University,Germany,2016,192.0,35.2,23.9,86.4,58.2,58.4,49.5,Germany,Universität Ulm,89.65517241379311
University of Luxembourg,Luxembourg,2016,193.0,25.0,26.7,84.8,99.8,38.1,49.4,Luxembourg,University of Luxembourg,100.0
Texas A&M University,United States,2016,193.0,49.4,52.4,47.1,47.8,46.4,49.4,United States,Texas A&M University,100.0
Charité - Universitätsmedizin Berlin,Germany,2016,195.0,37.3,22.2,83.8,61.1,68.4,49.3,Germany,Charité - Universitätsmedizin Berlin,0.0
University of Gothenburg,Sweden,2016,180.0,28.5,39.8,81.8,58.3,30.3,50.2,Sweden,University of Gothenburg,100.0
Scuola Superiore Sant’Anna,Italy,2016,180.0,42.5,23.2,84.5,45.2,71.2,50.2,Italy,Scuola Superiore Sant’Anna,0.0
University of Bergen,Norway,2016,182.0,32.5,31.5,82.4,70.0,36.2,50.1,Norway,University of Bergen,100.0
University of Leeds,United Kingdom,2016,133.0,43.7,39.0,79.2,77.4,36.7,55.3,United Kingdom,University of Leeds,100.0
University of Oslo,Norway,2016,135.0,43.3,44.7,75.5,68.2,38.3,55.1,Norway,University of Oslo,100.0
Stockholm University,Sweden,2016,136.0,34.1,51.2,82.5,48.5,31.1,54.8,Sweden,Stockholm University,100.0
University of Alberta,Canada,2016,137.0,46.4,48.1,63.6,80.7,47.4,54.7,Canada,University of Alberta,100.0
Chinese University of Hong Kong,Hong Kong,2016,138.0,41.5,48.5,68.4,81.1,37.5,54.5,Hong Kong,The Chinese University of Hong Kong,93.93939393939394
University of Erlangen-Nuremberg,Germany,2016,123.0,51.7,39.7,75.2,47.0,99.4,56.0,Germany,University of Erlangen-Nuremberg,0.0
"Rutgers, the State University of New Jersey",United States,2016,123.0,43.9,55.7,75.4,34.7,35.9,56.0,United States,"Rutgers, the State University of New Jersey",0.0
University of Münster,Germany,2016,125.0,40.3,44.1,85.6,46.3,58.2,55.9,Germany,University of Münster,100.0
University of Vienna,Austria,2016,142.0,40.8,50.5,63.6,92.6,30.2,54.2,Austria,University of Vienna,100.0
University of Nottingham,United Kingdom,2016,143.0,40.3,39.0,77.5,80.6,39.8,54.1,United Kingdom,The University of Nottingham,92.3076923076923
"University of California, Santa Cruz",United States,2016,144.0,31.1,34.2,99.9,45.6,36.1,53.9,United States,"University of California, Santa Cruz",100.0
University of Lausanne,Switzerland,2016,144.0,30.9,45.6,76.2,89.2,56.0,53.9,Switzerland,University of Lausanne,100.0
Autonomous University of Barcelona,Spain,2016,146.0,40.3,40.0,83.8,50.3,34.9,53.8,Spain,Autonomous University of Barcelona,0.0
University of Geneva,Switzerland,2016,131.0,34.9,40.5,78.5,98.5,72.4,55.4,Switzerland,University of Geneva,100.0
University of York,United Kingdom,2016,131.0,41.9,46.3,73.1,83.5,31.1,55.4,United Kingdom,University of York,100.0
Case Western Reserve University,United States,2016,133.0,46.1,33.2,92.0,40.5,34.1,55.3,United States,Case Western Reserve University,100.0
University of East Anglia,United Kingdom,2016,149.0,31.9,28.7,92.7,83.5,28.5,52.9,United Kingdom,University of East Anglia (UEA),100.0
University of Twente,Netherlands,2016,149.0,34.1,45.6,68.8,80.1,91.2,52.9,Netherlands,University of Twente,100.0
Sungkyunkwan University (SKKU),South Korea,2016,153.0,51.4,53.5,53.8,36.7,97.5,52.8,South Korea,Sungkyunkwan University,100.0
VU University Amsterdam,Netherlands,2016,154.0,28.4,37.1,90.7,54.9,60.1,52.5,Netherlands,VU University Amsterdam,0.0
KTH Royal Institute of Technology,Sweden,2016,155.0,39.0,44.3,63.9,84.4,78.1,52.4,Sweden,KTH Royal Institute of Technology,100.0
Karlsruhe Institute of Technology,Germany,2016,138.0,37.7,47.5,73.8,56.7,99.5,54.5,Germany,Karlsruhe Institute of Technology (KIT),100.0
University of Sussex,United Kingdom,2016,140.0,33.4,37.2,86.1,88.3,30.6,54.4,United Kingdom,University of Sussex,100.0
University of Massachusetts,United States,2016,141.0,40.2,36.3,88.1,48.9,52.2,54.3,United States,University of Massachusetts - Boston,88.52459016393442
University of Rochester,United States,2016,158.0,39.7,27.9,89.0,55.8,37.0,52.1,United States,University of Rochester,100.0
Trinity College Dublin,Republic of Ireland,2016,160.0,41.9,30.8,75.8,90.5,28.0,52.0,Republic of Ireland,Trinity College Dublin,0.0
Lomonosov Moscow State University,Russia,2016,161.0,75.4,66.7,8.6,57.8,95.7,51.9,Russia,Lomonosov Moscow State University,100.0
University of Miami,United States,2016,161.0,41.7,22.3,90.1,64.0,35.5,51.9,United States,University of Miami,100.0
University of Arizona,United States,2016,163.0,38.7,41.8,79.5,38.6,32.4,51.7,United States,University of Arizona,100.0
University of Virginia,United States,2016,147.0,38.8,37.5,87.3,43.4,37.9,53.3,United States,University of Virginia,100.0
Korea Advanced Institute of Science and Technology (KAIST),South Korea,2016,148.0,43.3,40.5,75.9,33.9,100.0,53.0,South Korea,Korea Advanced Institute of Science and Technology (KAIST),0.0
University of Adelaide,Australia,2016,149.0,32.8,43.2,72.4,85.1,79.3,52.9,Australia,Adelaide University,92.6829268292683
Rice University,United States,2016,101.0,37.9,35.1,99.7,66.6,41.7,57.9,United States,Rice University,100.0
Dartmouth College,United States,2016,104.0,50.7,35.8,93.3,38.3,40.8,57.8,United States,Dartmouth College,100.0
University of Zurich,Switzerland,2016,104.0,49.5,31.5,85.4,90.4,44.0,57.8,Switzerland,University of Zurich (UZH),100.0
Aarhus University,Denmark,2016,106.0,36.9,50.7,79.8,76.8,68.3,57.7,Denmark,Aarhus University,100.0
"University of California, Irvine",United States,2016,106.0,39.9,41.8,91.6,59.2,48.9,57.7,United States,"University of California, Irvine",100.0
Ohio State University,United States,2016,90.0,51.6,46.6,83.2,53.0,53.1,59.7,United States,Ohio State University,100.0
University of Exeter,United Kingdom,2016,93.0,39.4,40.0,94.3,87.3,31.9,59.5,United Kingdom,University of Exeter,100.0
University of Bonn,Germany,2016,94.0,45.1,47.5,85.3,63.6,,58.8,Germany,University of Bonn,0.0
RWTH Aachen University,Germany,2016,110.0,49.4,56.3,63.2,54.1,98.1,57.2,Germany,RWTH Aachen University,0.0
University of Southampton,United Kingdom,2016,110.0,39.8,43.6,82.0,88.4,37.5,57.2,United Kingdom,University of Southampton,100.0
Scuola Normale Superiore di Pisa,Italy,2016,112.0,54.2,53.1,67.2,46.3,52.0,57.1,Italy,Scuola Normale Superiore di Pisa,0.0
University of Montreal,Canada,2016,113.0,46.3,45.5,69.6,84.2,92.6,57.0,Canada,University of Montreal,100.0
Pierre and Marie Curie University,France,2016,113.0,52.8,32.7,82.9,74.1,37.4,57.0,France,Pierre and Marie Curie University,0.0
Michigan State University,United States,2016,99.0,47.3,52.6,76.8,56.4,32.2,58.0,United States,Michigan State University,100.0
University of Basel,Switzerland,2016,101.0,39.5,33.1,88.3,94.7,99.9,57.9,Switzerland,University of Basel,100.0
École Polytechnique,France,2016,101.0,53.5,44.6,64.7,92.8,82.3,57.9,France,École Polytechnique,0.0
Ghent University,Belgium,2016,118.0,42.1,54.5,71.2,54.2,88.3,56.6,Belgium,Ghent University,100.0
University of Birmingham,United Kingdom,2016,119.0,39.4,41.8,82.7,82.0,34.7,56.2,United Kingdom,University of Birmingham,100.0
University of Bern,Switzerland,2016,120.0,40.0,42.5,76.6,83.7,82.9,56.1,Switzerland,University of Bern,100.0
University of Cape Town,South Africa,2016,120.0,34.9,38.7,85.6,80.2,92.7,56.1,South Africa,University of Cape Town,100.0
University of Florida,United States,2016,120.0,51.8,56.8,67.7,33.3,,56.1,United States,University of Florida,100.0
University of Mannheim,Germany,2016,106.0,34.5,47.7,86.9,64.6,85.3,57.7,Germany,Universität Mannheim,90.47619047619048
University of Notre Dame,United States,2016,108.0,47.6,48.1,81.7,47.6,33.7,57.6,United States,University of Notre Dame,100.0
University of Western Australia,Australia,2016,109.0,33.4,46.1,83.6,92.6,64.5,57.5,Australia,The University of Western Australia,93.93939393939394
Radboud University Nijmegen,Netherlands,2016,125.0,34.3,48.5,84.9,60.9,39.2,55.9,Netherlands,Radboud University Nijmegen,100.0
University of Colorado Boulder,United States,2016,127.0,39.7,37.6,96.4,36.6,35.7,55.8,United States,University of Colorado Boulder,100.0
Tufts University,United States,2016,127.0,45.2,33.3,90.1,49.4,60.7,55.8,United States,Tufts University,100.0
"Royal Holloway, University of London",United Kingdom,2016,129.0,35.1,33.2,91.2,92.7,34.4,55.7,United Kingdom,Royal Holloway University of London,100.0
Lancaster University,United Kingdom,2016,130.0,34.0,41.4,85.3,87.0,33.6,55.6,United Kingdom,Lancaster University,100.0
Purdue University,United States,2016,113.0,50.2,57.7,63.2,66.4,,57.0,United States,Purdue University,100.0
Pohang University of Science and Technology,South Korea,2016,116.0,49.1,47.1,76.7,33.7,100.0,56.9,South Korea,Pohang University of Science And Technology (POSTECH),100.0
"University of Maryland, College Park",United States,2016,117.0,45.0,42.1,88.2,43.5,32.3,56.7,United States,"University of Maryland, College Park",100.0
Erasmus University Rotterdam,Netherlands,2016,71.0,37.2,55.2,95.6,76.1,54.6,63.5,Netherlands,Erasmus University Rotterdam,100.0
Free University of Berlin,Germany,2016,72.0,57.9,72.2,60.2,69.2,35.1,63.2,Germany,Freie Universität Berlin,89.79591836734694
Monash University,Australia,2016,73.0,48.1,58.5,73.3,87.6,79.7,62.5,Australia,Monash University,100.0
University of Groningen,Netherlands,2016,74.0,43.3,56.9,84.0,63.9,92.4,62.4,Netherlands,University of Groningen,100.0
Pennsylvania State University,United States,2016,75.0,50.4,61.9,80.5,40.8,56.2,62.3,United States,Pennsylvania State University,100.0
The University of Queensland,Australia,2016,60.0,49.2,62.8,82.4,89.3,76.7,67.0,Australia,The University of Queensland,100.0
Washington University in St Louis,United States,2016,60.0,54.3,55.6,99.2,44.9,33.5,67.0,United States,Washington University in St. Louis,100.0
Utrecht University,Netherlands,2016,62.0,48.1,64.3,88.1,55.8,89.1,66.6,Netherlands,Utrecht University,100.0
University of Pittsburgh,United States,2016,79.0,50.6,50.3,92.3,33.9,39.3,61.5,United States,University of Pittsburgh,100.0
University of Warwick,United Kingdom,2016,80.0,47.4,53.1,78.2,90.3,37.7,61.3,United Kingdom,The University of Warwick,91.30434782608697
Uppsala University,Sweden,2016,81.0,44.1,61.0,80.9,59.6,39.5,61.2,Sweden,Uppsala University,100.0
University of Copenhagen,Denmark,2016,82.0,49.8,42.7,86.2,83.3,45.0,61.0,Denmark,University of Copenhagen,100.0
University of New South Wales,Australia,2016,82.0,40.7,53.9,82.1,89.5,50.0,61.0,Australia,The University of New South Wales,93.5483870967742
University of Southern California,United States,2016,68.0,49.3,58.9,93.0,56.3,38.0,65.5,United States,University of Southern California,100.0
University of Bristol,United Kingdom,2016,69.0,47.6,51.6,91.2,82.4,40.0,64.3,United Kingdom,University of Bristol,100.0
Durham University,United Kingdom,2016,70.0,47.9,51.9,87.7,86.4,34.4,63.6,United Kingdom,Durham University,100.0
Vanderbilt University,United States,2016,87.0,47.8,44.2,95.7,29.1,63.2,60.1,United States,Vanderbilt University,100.0
Kyoto University,Japan,2016,88.0,70.6,69.3,46.6,26.1,79.0,59.9,Japan,Kyoto University,100.0
Maastricht University,Netherlands,2016,88.0,37.5,47.7,82.7,95.5,95.4,59.9,Netherlands,Maastricht University,100.0
Emory University,United States,2016,90.0,48.3,37.1,96.7,51.0,48.9,59.7,United States,Emory University,100.0
Lund University,Sweden,2016,90.0,39.7,53.6,81.3,74.1,70.4,59.7,Sweden,Lund University,100.0
University of Glasgow,United Kingdom,2016,76.0,41.6,48.3,92.3,85.8,31.6,61.9,United Kingdom,University of Glasgow,100.0
University of Helsinki,Finland,2016,76.0,48.4,60.4,82.1,51.8,31.6,61.9,Finland,University of Helsinki,100.0
University of Tübingen,Germany,2016,78.0,47.0,59.8,79.3,58.2,59.2,61.7,Germany,University of Tübingen,0.0
Georgetown University,United States,2016,94.0,54.4,39.3,82.5,52.7,80.7,58.8,United States,Georgetown University,100.0
McMaster University,Canada,2016,94.0,39.8,44.8,84.9,76.1,88.0,58.8,Canada,McMaster University,100.0
University of Sheffield,United Kingdom,2016,97.0,42.4,48.8,80.1,81.9,43.4,58.6,United Kingdom,The University of Sheffield,92.0
Queen Mary University of London,United Kingdom,2016,98.0,34.1,41.3,93.3,93.5,36.8,58.5,United Kingdom,Queen Mary University of London (QMUL),100.0
University of Göttingen,Germany,2016,99.0,49.3,54.5,72.7,56.4,31.8,58.0,Germany,University of Göttingen,0.0
University of Freiburg,Germany,2016,84.0,47.4,51.1,80.5,60.3,100.0,60.7,Germany,Universität Freiburg,90.47619047619048
Seoul National University,South Korea,2016,85.0,66.5,70.5,50.0,30.9,85.4,60.5,South Korea,Seoul National University,100.0
University of St Andrews,United Kingdom,2016,86.0,49.7,47.3,78.8,92.3,30.6,60.4,United Kingdom,University of St Andrews,100.0
"University of California, San Diego",United States,2016,39.0,56.9,69.8,98.7,42.9,56.7,72.2,United States,"University of California, San Diego (UCSD)",100.0
"University of California, Santa Barbara",United States,2016,39.0,52.6,66.0,99.2,61.5,90.4,72.2,United States,"University of California, Santa Barbara (UCSB)",100.0
Georgia Institute of Technology,United States,2016,41.0,57.8,72.7,86.0,71.5,73.7,72.1,United States,Georgia Institute of Technology,100.0
Peking University,China,2016,42.0,77.8,72.4,69.1,49.2,100.0,72.0,China,Peking University,100.0
University of Tokyo,Japan,2016,43.0,81.4,83.0,60.9,30.3,50.8,71.1,Japan,The University of Tokyo,90.47619047619048
Karolinska Institute,Sweden,2016,28.0,60.6,81.1,92.2,73.1,75.8,77.5,Sweden,Karolinska Institute,0.0
LMU Munich,Germany,2016,29.0,70.5,77.4,85.7,62.8,100.0,77.3,Germany,LMU Munich,0.0
New York University,United States,2016,30.0,74.7,72.3,95.3,49.3,30.4,77.2,United States,New York University (NYU),100.0
Tsinghua University,China,2016,47.0,73.3,83.0,58.8,39.5,100.0,70.0,China,Tsinghua University,100.0
Wageningen University and Research Center,Netherlands,2016,47.0,52.6,66.9,87.8,70.3,100.0,70.0,Netherlands,Wageningen University and Research Center,0.0
Humboldt University of Berlin,Germany,2016,49.0,63.7,77.0,73.6,62.6,36.1,69.9,Germany,Humboldt-Universität zu Berlin,88.13559322033898
University of Wisconsin-Madison,United States,2016,50.0,65.1,68.2,86.6,33.0,48.5,69.7,United States,University of Wisconsin-Madison,100.0
Brown University,United States,2016,51.0,62.8,55.7,96.4,57.8,31.4,69.6,United States,Brown University,100.0
University of Illinois at Urbana-Champaign,United States,2016,36.0,64.5,81.2,86.8,45.8,52.8,74.5,United States,University of Illinois at Urbana-Champaign,100.0
Heidelberg University,Germany,2016,37.0,68.8,69.6,88.2,62.8,68.2,74.4,Germany,Heidelberg University,0.0
McGill University,Canada,2016,38.0,66.1,72.1,78.9,85.5,40.3,72.6,Canada,McGill University,100.0
Nanyang Technological University,Singapore,2016,55.0,48.4,61.3,85.6,94.6,99.9,68.2,Singapore,Nanyang Technological University,0.0
University of Manchester,United Kingdom,2016,56.0,58.4,66.0,77.3,87.0,42.0,68.1,United Kingdom,The University of Manchester,92.3076923076923
University of Sydney,Australia,2016,56.0,54.3,68.1,77.5,84.4,72.4,68.1,Australia,The University of Sydney,90.9090909090909
University of Amsterdam,Netherlands,2016,58.0,52.2,64.7,87.4,66.5,62.8,67.8,Netherlands,The University of Amsterdam,92.0
Hong Kong University of Science and Technology,Hong Kong,2016,59.0,49.4,66.1,82.6,80.5,68.1,67.2,Hong Kong,The Hong Kong University of Science and Technology,95.83333333333334
"University of California, Davis",United States,2016,44.0,60.1,72.7,84.3,58.4,57.3,71.0,United States,"University of California, Davis",100.0
University of Hong Kong,Hong Kong,2016,44.0,64.6,72.8,70.1,99.5,53.7,71.0,Hong Kong,University of Hong Kong,0.0
University of Texas at Austin,United States,2016,46.0,59.3,69.7,92.2,31.7,63.1,70.3,United States,University of Texas at Austin,100.0
University of North Carolina at Chapel Hill,United States,2016,63.0,58.0,54.5,95.9,39.0,39.4,66.4,United States,"University of North Carolina, Chapel Hill",96.3855421686747
Boston University,United States,2016,64.0,57.8,49.5,97.7,51.0,30.3,66.1,United States,Boston University,100.0
Delft University of Technology,Netherlands,2016,65.0,55.0,73.8,61.5,84.0,100.0,65.9,Netherlands,Delft University of Technology,100.0
University of Minnesota,United States,2016,65.0,53.5,61.0,88.0,35.3,98.5,65.9,United States,University of Minnesota (System),100.0
Leiden University,Netherlands,2016,67.0,50.5,63.1,85.2,64.3,49.8,65.7,Netherlands,Leiden University,100.0
Australian National University,Australia,2016,52.0,54.7,77.3,72.3,93.3,48.0,69.5,Australia,Australian National University,100.0
Technical University of Munich,Germany,2016,53.0,61.0,66.0,80.1,63.8,99.2,69.4,Germany,Technical University of Munich,100.0
École Normale Supérieure,France,2016,54.0,70.6,47.7,87.1,85.5,37.1,69.0,France,École Normale Supérieure,0.0
Princeton University,United States,2016,7.0,85.1,91.9,99.3,78.5,52.1,90.1,United States,Princeton University,100.0
Imperial College London,United Kingdom,2016,8.0,83.3,88.5,96.7,96.0,53.7,89.1,United Kingdom,Imperial College London,100.0
ETH Zurich – Swiss Federal Institute of Technology Zurich,Switzerland,2016,9.0,77.0,95.0,91.1,97.9,80.0,88.3,Switzerland,ETH Zurich – Swiss Federal Institute of Technology Zurich,0.0
University of Chicago,United States,2016,10.0,85.7,88.9,99.2,65.0,36.6,87.9,United States,University of Chicago,100.0
Johns Hopkins University,United States,2016,11.0,77.6,90.4,98.2,70.0,100.0,87.6,United States,Johns Hopkins University,100.0
Columbia University,United States,2016,15.0,85.9,82.2,98.1,73.5,,86.1,United States,Columbia University,100.0
"University of California, Los Angeles",United States,2016,16.0,80.8,88.6,98.5,56.4,47.9,85.8,United States,"University of California, Los Angeles (UCLA)",100.0
University of Pennsylvania,United States,2016,17.0,82.0,86.9,98.6,49.5,47.9,85.2,United States,University of Pennsylvania,100.0
Cornell University,United States,2016,18.0,77.9,86.1,97.2,63.9,33.7,84.0,United States,Cornell University,100.0
University of Toronto,Canada,2016,19.0,75.9,89.3,90.9,77.8,49.1,83.9,Canada,University of Toronto,100.0
University of Cambridge,United Kingdom,2016,4.0,88.2,96.7,97.0,91.5,55.0,92.8,United Kingdom,University of Cambridge,100.0
Massachusetts Institute of Technology,United States,2016,5.0,89.4,88.6,99.7,84.0,95.4,92.0,United States,Massachusetts Institute of Technology (MIT),100.0
Harvard University,United States,2016,6.0,83.6,99.0,99.8,77.2,45.2,91.6,United States,Harvard University,100.0
London School of Economics and Political Science,United Kingdom,2016,23.0,69.8,80.6,94.3,93.6,32.2,81.3,United Kingdom,London School of Economics and Political Science (LSE),100.0
University of Edinburgh,United Kingdom,2016,24.0,68.6,77.2,96.3,89.8,36.1,80.3,United Kingdom,University of Edinburgh,100.0
Northwestern University,United States,2016,25.0,69.8,78.4,96.5,53.9,81.2,79.5,United States,Northwestern University,100.0
National University of Singapore,Singapore,2016,26.0,71.7,84.5,79.4,96.2,49.8,79.2,Singapore,National University of Singapore (NUS),100.0
King’s College London,United Kingdom,2016,27.0,64.5,75.8,93.8,93.8,40.1,78.2,United Kingdom,King's College London (KCL),100.0
Yale University,United States,2016,12.0,86.5,87.8,97.2,64.3,43.3,87.4,United States,Yale University,100.0
"University of California, Berkeley",United States,2016,13.0,80.4,91.1,99.7,61.9,47.9,87.2,United States,"University of California, Berkeley (UCB)",100.0
University College London,United Kingdom,2016,14.0,78.1,91.0,94.2,94.4,40.5,87.1,United Kingdom,University College London,0.0
École Polytechnique Fédérale de Lausanne,Switzerland,2016,31.0,61.3,67.5,94.6,98.6,65.4,76.1,Switzerland,École Polytechnique Fédérale de Lausanne,100.0
University of Washington,United States,2016,32.0,67.1,70.0,98.6,51.2,43.1,75.6,United States,University of Washington,100.0
University of Melbourne,Australia,2016,33.0,62.0,75.5,86.6,87.1,64.6,75.4,Australia,The University of Melbourne,92.0
University of British Columbia,Canada,2016,34.0,60.2,73.2,91.5,90.5,42.6,75.3,Canada,University of British Columbia,100.0
KU Leuven,Belgium,2016,35.0,59.9,76.9,87.3,68.6,100.0,74.8,Belgium,KU Leuven,100.0
Duke University,United States,2016,20.0,76.0,78.0,99.0,56.5,100.0,82.7,United States,Duke University,100.0
University of Michigan,United States,2016,21.0,76.8,85.2,94.4,53.7,56.3,82.4,United States,University of Michigan,0.0
Carnegie Mellon University,United States,2016,22.0,67.4,88.8,99.1,57.1,57.5,82.3,United States,Carnegie Mellon University,100.0
Suez Canal University,Egypt,2016,601.0,22.6,5.9,16.0,31.6,,,Egypt,Suez Canal University,100.0
Sultan Qaboos University,Oman,2016,601.0,21.3,10.6,16.0,71.5,37.6,,Oman,Sultan Qaboos University,100.0
Suranaree University of Technology,Thailand,2016,601.0,21.1,11.6,18.4,25.9,38.1,,Thailand,Suranaree University of Technology,100.0
University of Szeged,Hungary,2016,601.0,20.0,10.5,20.5,46.9,33.2,,Hungary,University of Szeged,100.0
Taipei Medical University,Taiwan,2016,601.0,25.7,21.7,19.0,26.5,42.2,,Taiwan,Taipei Medical University,100.0
Taras Shevchenko National University of Kyiv,Ukraine,2016,601.0,27.9,11.0,4.2,28.2,28.0,,Ukraine,Taras Shevchenko National University of Kyiv,100.0
Technical University of Madrid,Spain,2016,601.0,21.8,14.6,24.5,39.5,38.3,,Spain,Technical University of Madrid,0.0
Yuan Ze University,Taiwan,2016,601.0,16.2,18.3,28.6,17.7,39.8,,Taiwan,Yuan Ze University,100.0
University of Texas at El Paso,United States,2016,601.0,18.6,18.7,18.4,30.4,,,United States,University of Texas El Paso,94.73684210526316
Texas Tech University,United States,2016,601.0,27.9,17.2,22.0,36.8,,,United States,Texas Tech University,100.0
Tokai University,Japan,2016,601.0,17.9,7.6,15.3,19.3,34.4,,Japan,Tokai University,100.0
Tokushima University,Japan,2016,601.0,25.3,21.6,12.8,16.8,59.6,,Japan,Tokushima University,100.0
Tokyo University of Marine Science and Technology,Japan,2016,601.0,27.9,12.4,7.7,24.5,57.9,,Japan,Tokyo University of Marine Science and Technology,0.0
Tokyo University of Science,Japan,2016,601.0,23.0,24.1,21.4,15.4,37.6,,Japan,Tokyo University of Science (RIKADAI),100.0
Tomsk State University,Russia,2016,601.0,34.8,20.8,7.6,36.9,44.0,,Russia,Tomsk State University,100.0
Tottori University,Japan,2016,601.0,24.3,10.1,9.6,16.7,34.5,,Japan,Tottori University,0.0
Toyohashi University of Technology,Japan,2016,601.0,22.0,18.9,15.8,25.4,50.3,,Japan,Toyohashi University of Technology,0.0
Universiti Kebangsaan Malaysia,Malaysia,2016,601.0,24.3,15.9,10.9,29.7,28.4,,Malaysia,Universiti Kebangsaan Malaysia (UKM),100.0
Universiti Putra Malaysia,Malaysia,2016,601.0,25.3,20.9,10.2,50.1,34.2,,Malaysia,Universiti Putra Malaysia (UPM),100.0
Universiti Sains Malaysia,Malaysia,2016,601.0,26.9,16.6,12.4,44.2,34.4,,Malaysia,Universiti Sains Malaysia (USM),100.0
Universiti Teknologi MARA,Malaysia,2016,601.0,15.2,7.7,18.2,14.8,28.3,,Malaysia,Universiti Teknologi MARA - UiTM,90.9090909090909
Ural Federal University,Russia,2016,601.0,24.8,10.6,16.8,17.3,35.6,,Russia,Ural Federal University,100.0
V.N. Karazin Kharkiv National University,Ukraine,2016,601.0,21.7,8.9,1.7,48.4,28.8,,Ukraine,V.N. Karazin Kharkiv National University,100.0
University of Vigo,Spain,2016,601.0,18.4,10.5,31.8,30.7,38.1,,Spain,University of Vigo,0.0
Vilnius University,Lithuania,2016,601.0,18.3,13.6,26.1,40.8,41.0,,Lithuania,Vilnius University,100.0
Warsaw University of Technology,Poland,2016,601.0,19.4,8.5,40.3,20.7,47.4,,Poland,Warsaw University of Technology,100.0
Waseda University,Japan,2016,601.0,23.6,14.6,29.4,29.7,32.4,,Japan,Waseda University,100.0
University of West Bohemia,Czech Republic,2016,601.0,16.3,9.7,29.8,23.1,32.1,,Czech Republic,University of West Bohemia,100.0
University of the West of England,United Kingdom,2016,601.0,16.9,11.2,34.6,48.5,28.5,,United Kingdom,University of the West of England,0.0
West University of Timişoara,Romania,2016,601.0,16.1,3.9,22.4,21.0,,,Romania,West University of Timişoara,0.0
University of Westminster,United Kingdom,2016,601.0,17.3,11.7,21.1,81.9,28.5,,United Kingdom,University of Westminster,100.0
"University of Santiago, Chile (USACH)",Chile,2016,601.0,17.6,11.3,10.2,40.4,31.0,,Chile,"University of Santiago, Chile (USACH)",0.0
São Paulo State University (UNESP),Brazil,2016,601.0,28.0,22.6,6.7,18.7,40.1,,Brazil,São Paulo State University (UNESP),0.0
Savitribai Phule Pune University,India,2016,601.0,38.3,12.4,11.4,17.3,29.3,,India,Savitribai Phule Pune University,100.0
University of Science and Technology Beijing,China,2016,601.0,25.1,22.4,6.9,15.6,89.7,,China,University of Science and Technology Beijing,100.0
Sejong University,South Korea,2016,601.0,18.9,12.2,38.7,25.2,35.4,,South Korea,Sejong University,100.0
University of Pécs,Hungary,2016,601.0,19.7,9.0,23.4,50.8,28.4,,Hungary,University of Pécs,0.0
Polytechnic University of Valencia,Spain,2016,601.0,20.3,12.7,34.3,32.9,43.8,,Spain,Polytechnic University of Valencia,0.0
Pontifical Catholic University of Paraná,Brazil,2016,601.0,18.4,6.5,32.2,18.6,28.0,,Brazil,Pontifical Catholic University of Paraná,0.0
Shantou University,China,2016,601.0,17.6,9.1,28.3,30.7,30.7,,China,Shantou University,0.0
Sheffield Hallam University,United Kingdom,2016,601.0,17.3,9.4,20.1,47.0,28.6,,United Kingdom,Sheffield Hallam University,100.0
Shinshu University,Japan,2016,601.0,20.8,8.3,22.0,20.3,31.6,,Japan,Shinshu University,100.0
Showa University,Japan,2016,601.0,28.5,7.9,7.0,14.0,,,Japan,Soka University,90.32258064516128
Sichuan University,China,2016,601.0,25.0,18.4,16.1,15.7,90.8,,China,Sichuan University,100.0
Rochester Institute of Technology,United States,2016,601.0,17.4,13.4,25.1,29.8,30.4,,United States,Rochester Institute of Technology (RIT),100.0
Saitama University,Japan,2016,601.0,18.6,9.6,23.4,20.6,29.6,,Japan,Saitama University,0.0
University of Salford,United Kingdom,2016,601.0,20.8,12.1,21.2,66.4,28.8,,United Kingdom,University of Salford,100.0
Sophia University,Japan,2016,601.0,22.0,9.4,5.3,32.8,29.5,,Japan,Sophia University,100.0
University of South Africa,South Africa,2016,601.0,18.4,11.3,9.4,28.7,28.8,,South Africa,University of South Africa,100.0
Southern Federal University,Russia,2016,601.0,21.9,8.2,9.2,17.3,39.5,,Russia,Southern Federal University,100.0
University of Southern Mississippi,United States,2016,601.0,21.0,11.8,20.1,20.8,39.9,,United States,University of Southern Mississippi,0.0
University of Southern Queensland,Australia,2016,601.0,18.4,13.1,14.4,63.0,28.8,,Australia,University of Southern Queensland,100.0
University of Seoul,South Korea,2016,601.0,22.8,17.5,21.4,18.7,28.9,,South Korea,University of Seoul,100.0
Shahid Beheshti University,Iran,2016,601.0,20.5,19.0,11.4,13.8,58.9,,Iran,Shahid Beheshti University (SBU),100.0
Shanghai University,China,2016,601.0,19.1,16.1,14.8,15.8,45.7,,China,Shanghai University,100.0
Yokohama National University,Japan,2016,601.0,20.1,16.0,13.5,23.3,40.4,,Japan,Yokohama National University,100.0
Yokohama City University,Japan,2016,601.0,24.0,10.2,36.4,16.1,37.9,,Japan,Yokohama City University,100.0
Yıldız Technical University,Turkey,2016,601.0,14.5,7.6,19.3,14.9,44.0,,Turkey,Yıldız Technical University,0.0
Yeungnam University,South Korea,2016,601.0,18.6,10.9,26.5,24.3,35.4,,South Korea,Yeungnam University,100.0
Xidian University,China,2016,601.0,17.9,12.1,8.9,12.8,83.7,,China,Xidian University,0.0
University of Silesia in Katowice,Poland,2016,601.0,17.7,8.0,20.4,18.5,28.1,,Poland,University of Silesia in Katowice,100.0
Slovak University of Technology in Bratislava,Slovakia,2016,601.0,23.3,8.6,24.9,30.6,33.2,,Slovakia,Slovak University of Technology in Bratislava,100.0
Sogang University,South Korea,2016,601.0,21.5,24.8,20.5,27.7,46.8,,South Korea,Sogang University,100.0
University of Kansas,United States,2015,301.0,30.6,20.1,62.2,32.2,36.2,,United States,University of Kansas,100.0
Illinois Institute of Technology,United States,2015,301.0,40.2,17.3,50.3,59.4,,,United States,Illinois Institute of Technology,100.0
University of Oklahoma,United States,2015,301.0,32.6,15.7,57.5,30.0,34.5,,United States,University of Oklahoma,100.0
Creighton University,United States,2015,301.0,40.7,10.4,63.3,29.1,32.4,,United States,Creighton University,0.0
Technical University of Berlin,Germany,2015,226.0,42.2,32.3,47.0,70.4,63.4,,Germany,Technical University of Berlin,0.0
Mines ParisTech,France,2015,226.0,39.6,23.2,55.1,58.7,99.0,,France,Mines ParisTech,0.0
University of Vermont,United States,2015,351.0,26.8,19.4,57.5,21.0,,,United States,University of Vermont,100.0
Wuhan University of Technology,China,2015,351.0,16.2,8.0,75.8,21.4,57.8,,China,Wuhan University of Technology,100.0
Georgia Health Sciences University,United States,2014,226.0,47.2,12.1,63.5,30.8,,,United States,Georgia Health Sciences University,0.0
University of Wyoming,United States,2014,351.0,18.9,28.6,46.1,29.7,29.6,,United States,University of Wyoming,100.0
Old Dominion University,United States,2014,351.0,21.3,14.3,58.7,30.2,,,United States,Old Dominion University,0.0
University of Kentucky,United States,2013,301.0,39.1,27.8,45.5,21.7,,,United States,University of Kentucky,100.0
Medical University of South Carolina,United States,2013,189.0,46.2,39.6,59.7,27.7,77.1,47.7,United States,Medical University of South Carolina,0.0
Southern Methodist University,United States,2013,351.0,18.6,9.0,67.3,35.2,,,United States,Southern Methodist University,100.0
Michigan Technological University,United States,2012,350.0,21.2,13.8,24.8,32.3,41.9,,United States,Michigan Technological University,100.0
University of Hamburg,Germany,2012,226.0,35.2,21.3,50.0,56.3,27.4,,Germany,Universität Hamburg,90.0
University of Medicine and Dentistry of New Jersey,United States,2012,201.0,48.5,14.4,55.6,31.0,34.3,,United States,University of Medicine and Dentistry of New Jersey,0.0
University of Wisconsin,United States,2011,43.0,55.5,64.6,83.4,43.7,,67.0,United States,University of Wisconsin,0.0
